file,true_label,score,class
bdd100k_0049e5b8-afda7206.png,0,0.1259787380695343,real
bdd100k_00d0f034-6d666f7b.png,0,0.10876895487308502,real
bdd100k_00e9be89-00000160.png,0,0.6506539583206177,real
bdd100k_00e9be89-00001640.png,0,0.2778400778770447,real
bdd100k_019d0e2f-26b8c896.png,0,0.1030883640050888,real
bdd100k_04488604-2d268bc2.png,0,0.20071178674697876,real
bdd100k_0499c620-1c4a837b.png,0,0.535487949848175,real
bdd100k_052d8d40-89ac0197.png,0,0.2218201905488968,real
bdd100k_05e4d922-d9d40f7b.png,0,0.3275376856327057,real
bdd100k_06a8f8ee-334adbd2_train_color.png,0,0.01394676323980093,real
bdd100k_0738f42e-734821e2.png,0,0.31217217445373535,real
bdd100k_07707e5b-6952cdb1_train_id.png,0,0.0383765771985054,real
bdd100k_07764b8b-6db4a0f4.png,0,0.21695539355278015,real
bdd100k_088e1da1-4db9234b.png,0,0.41817745566368103,real
bdd100k_092b387a-67a64a9b_train_color.png,0,0.08371062576770782,real
bdd100k_092b55ac-e2622217.png,0,0.37233299016952515,real
bdd100k_0aa458f0-e93896a2.png,0,0.28863027691841125,real
bdd100k_0b2867ef-da37e1d5.png,0,0.6697779893875122,real
bdd100k_0b6f7a4e-b66b27aa.png,0,0.4047529399394989,real
bdd100k_0b796e55-0d102bd0_train_id.png,0,0.06862987577915192,real
bdd100k_0cc71303-887ac35f.png,0,0.5691062211990356,real
bdd100k_0d03369b-084a5107.png,0,0.3876079022884369,real
bdd100k_0d76ff16-38ba1d70.png,0,0.8028984665870667,real
bdd100k_0d9ca9fa-0b4a0ddf.png,0,0.3282885253429413,real
bdd100k_0da39fcf-5b32d869.png,0,0.733117401599884,real
bdd100k_0ff5ca7b-28016d88.png,0,0.5493992567062378,real
bdd100k_10af6ba8-b3c25efe.png,0,0.23743000626564026,real
bdd100k_10bd263e-adb5a5d3.png,0,0.3778426945209503,real
bdd100k_11035230-13dbc015.png,0,0.22348126769065857,real
bdd100k_11bfabe9-e7da488f.png,0,0.6539520621299744,real
bdd100k_133a443d-013025ee.png,0,0.32479897141456604,real
bdd100k_143c8b69-66143439.png,0,0.2761155962944031,real
bdd100k_161d0d48-77cafa49.png,0,0.08204106986522675,real
bdd100k_18a439d8-12d3f187_train_id.png,0,0.005550649017095566,real
bdd100k_1939078d-3b44186a.png,0,0.1214735135436058,real
bdd100k_1c3c05ee-cbc10be6.png,0,0.6998577117919922,real
bdd100k_1e3909fd-4c05f62e.png,0,0.6406418085098267,real
bdd100k_1ebca830-d04fa3a1.png,0,0.804411768913269,real
bdd100k_1fbf36a7-a3dcfa33.png,0,0.7210062742233276,real
bdd100k_209a67f9-15be67d1.png,0,0.16567260026931763,real
bdd100k_20b07991-0e8a9622.png,0,0.2968578040599823,real
bdd100k_21ce51f8-188e787b.png,0,0.32324469089508057,real
bdd100k_22d14e85-86b3de7b.png,0,0.7032649517059326,real
bdd100k_24e1163c-9c45106f.png,0,0.5419255495071411,real
bdd100k_2817ac1d-2a3a0ce1.png,0,0.7494905591011047,real
bdd100k_2a011796-d2ea0ed0.png,0,0.2868334650993347,real
bdd100k_2a3e1798-40b989cc.png,0,0.6785397529602051,real
bdd100k_2a601183-1ead0a5c.png,0,0.24524998664855957,real
bdd100k_2a98d1b8-503ae8db.png,0,0.5954203009605408,real
bdd100k_2ba7d514-84558d80.png,0,0.11210448294878006,real
bdd100k_308586e7-00000000_train_color.png,0,0.08785201609134674,real
bdd100k_30a1afd5-13c419e7.png,0,0.7843272089958191,real
bdd100k_31626aa1-adb9bd38_train_id.png,0,0.017052477225661278,real
bdd100k_31e9e035-14b7a764.png,0,0.6861435174942017,real
bdd100k_31e9ed0f-8b1a0575.png,0,0.3757800757884979,real
bdd100k_321d272d-1dac2918.png,0,0.334126353263855,real
bdd100k_3224bf75-6e1e7e2e.png,0,0.6169907450675964,real
bdd100k_326777e8-fd86c0db.png,0,0.3353734016418457,real
bdd100k_32e448a1-0b989a2d.png,0,0.17155912518501282,real
bdd100k_332e740f-ce947e46.png,0,0.30241963267326355,real
bdd100k_3648dd75-aeff7873.png,0,0.20970919728279114,real
bdd100k_36663e5c-a35dcc14.png,0,0.2108628898859024,real
bdd100k_366bba5a-8c94c778.png,0,0.8322094678878784,real
bdd100k_368f0c4a-aa155058.png,0,0.3069736063480377,real
bdd100k_38671001-e24bc5f8.png,0,0.5523983836174011,real
bdd100k_3ac439b9-3c7e8db3.png,0,0.8046467304229736,real
bdd100k_3b786969-2135fe59.png,0,0.014325054362416267,real
bdd100k_3b7cba8a-007ea534.png,0,0.10128987580537796,real
bdd100k_3c9de95f-96b6bc0f.png,0,0.11533984541893005,real
bdd100k_3d9010ff-1866b2a4.png,0,0.03860088810324669,real
bdd100k_3db14e35-eaa35330.png,0,0.6468604207038879,real
bdd100k_411b6009-18eb96b3.png,0,0.21131932735443115,real
bdd100k_414e7b44-67b30265.png,0,0.2731097936630249,real
bdd100k_4170bc88-800e3676.png,0,0.4380464553833008,real
bdd100k_45bdcee5-3f1f2b77_train_id.png,0,0.014747572131454945,real
bdd100k_46549325-a2c6260d.png,0,0.5549853444099426,real
bdd100k_465b4176-967c2a5f.png,0,0.6736720204353333,real
bdd100k_4757d9b4-2557f9ce.png,0,0.6909724473953247,real
bdd100k_475f2744-076ed0b2.png,0,0.07964405417442322,real
bdd100k_48b6bac1-27de3528.png,0,0.4352461099624634,real
bdd100k_4939aa98-feb43bc3_train_color.png,0,0.09170135855674744,real
bdd100k_4a21c3c9-4a56e4d3.png,0,0.030367044731974602,real
bdd100k_4ace777f-91b40000.png,0,0.1896466463804245,real
bdd100k_4bb769f4-a82d33d6.png,0,0.7652790546417236,real
bdd100k_4c18926c-94ef33f2.png,0,0.2909848392009735,real
bdd100k_4cab6ae5-4c901ffa.png,0,0.41502541303634644,real
bdd100k_4d3a53b9-994af562.png,0,0.36017653346061707,real
bdd100k_4d4fec72-5b51c7bd_train_color.png,0,0.047773733735084534,real
bdd100k_4fe1af7b-9adabb28.png,0,0.17940276861190796,real
bdd100k_543fc7b7-8f45dce4.png,0,0.7195646166801453,real
bdd100k_544c166d-8f7a6f88.png,0,0.3557746410369873,real
bdd100k_548924d2-892cfce6_train_id.png,0,0.07764028757810593,real
bdd100k_54cf14d6-9654cf25.png,0,0.8142499327659607,real
bdd100k_557c16ec-4c8c7fe2_train_id.png,0,0.013516321778297424,real
bdd100k_5626cd4f-0f047fec.png,0,0.2764396071434021,real
bdd100k_56c7d131-9a215f14.png,0,0.7919835448265076,real
bdd100k_58131720-60ff7a89.png,0,0.4006955623626709,real
bdd100k_58a07bcd-882f0744.png,0,0.007756997365504503,real
bdd100k_58e79413-681ae601.png,0,0.5673202872276306,real
bdd100k_5e02d29d-5fcda394_train_color.png,0,0.05368051305413246,real
bdd100k_5e9a02dd-ca2967ae.png,0,0.5846236348152161,real
bdd100k_5ecb380a-95f93a70.png,0,0.4928496181964874,real
bdd100k_5f1006e5-47c8e024.png,0,0.5985848903656006,real
bdd100k_5f689685-93bb55d4.png,0,0.10721395164728165,real
bdd100k_5f8b8d74-4afa77e6.png,0,0.17151223123073578,real
bdd100k_60855380-49afeced_train_color.png,0,0.03745904937386513,real
bdd100k_60ee9fc7-ead50000_train_color.png,0,0.038950029760599136,real
bdd100k_617790f9-bb7b3a90.png,0,0.6949193477630615,real
bdd100k_641d1337-af06cf4e.png,0,0.33552461862564087,real
bdd100k_64ea3319-1dfa83c2_train_color.png,0,0.058118175715208054,real
bdd100k_652bcde6-e5b65ebb_train_color.png,0,0.03860026225447655,real
bdd100k_656ec50f-9d1bb23b.png,0,0.348408043384552,real
bdd100k_65e0a5b6-ba2054cf.png,0,0.10290461778640747,real
bdd100k_6a6a13e1-b2793fba.png,0,0.4784601330757141,real
bdd100k_6a85a6e0-c3e0d20a.png,0,0.6198432445526123,real
bdd100k_6bb64282-50c23a90.png,0,0.7583521008491516,real
bdd100k_6bdcd335-5849f9f7.png,0,0.020692255347967148,real
bdd100k_6dd101c6-5ff211b6_train_id.png,0,0.01753828302025795,real
bdd100k_6e5c6810-dd50899d.png,0,0.5432213544845581,real
bdd100k_6e9cf7a9-bba853ef.png,0,0.6039451360702515,real
bdd100k_6f957094-da85c997.png,0,0.20865407586097717,real
bdd100k_6fe80b43-c1cbd12b.png,0,0.36048397421836853,real
bdd100k_7130b984-253d8ebe.png,0,0.6352860927581787,real
bdd100k_715e129e-5b1c2e10.png,0,0.4393335282802582,real
bdd100k_737621fd-bc91c7e6.png,0,0.36459019780158997,real
bdd100k_73cc10c9-791ad220.png,0,0.14332488179206848,real
bdd100k_74e8f1f7-ea8c5d88.png,0,0.6469968557357788,real
bdd100k_7538704e-3c384407.png,0,0.16653119027614594,real
bdd100k_7609cb88-3349196f.png,0,0.6891807913780212,real
bdd100k_76d361cd-14fb64b4.png,0,0.5414779186248779,real
bdd100k_77642d6c-43356ec7.png,0,0.31624868512153625,real
bdd100k_7a0ed920-596f2331.png,0,0.3639087677001953,real
bdd100k_7a53506f-9c59128b.png,0,0.27910152077674866,real
bdd100k_7b8a90c2-7a02dccb.png,0,0.2777388095855713,real
bdd100k_7cc04f10-bb0f1b20.png,0,0.03156544640660286,real
bdd100k_7e70084d-47177fb4.png,0,0.6350182890892029,real
bdd100k_7f3aaedc-2e9794e9_train_color.png,0,0.033555205911397934,real
bdd100k_81071563-61ccec30.png,0,0.7299866676330566,real
bdd100k_812f2a18-53ef9f70.png,0,0.4968346655368805,real
bdd100k_813234a8-f892f472.png,0,0.7824816107749939,real
bdd100k_86967d41-b6e63260.png,0,0.10929141938686371,real
bdd100k_86d317b5-ce58348d.png,0,0.3712003529071808,real
bdd100k_8744aad5-78400263.png,0,0.5692911744117737,real
bdd100k_8a10c2ad-77f906b0.png,0,0.07264841347932816,real
bdd100k_8beab6f7-33926e65.png,0,0.7863304018974304,real
bdd100k_8d381fdb-c8f5eb03.png,0,0.04410422965884209,real
bdd100k_8d56d993-2a4a24c1.png,0,0.2609790861606598,real
bdd100k_9347585c-30db0854.png,0,0.602076530456543,real
bdd100k_9608e62f-b627cdf4_train_id.png,0,0.016711261123418808,real
bdd100k_96e14336-42e1bb0a.png,0,0.0494091771543026,real
bdd100k_971fcfa2-b0ec8868.png,0,0.6784021854400635,real
bdd100k_97877501-d6e1c211.png,0,0.6387817859649658,real
bdd100k_97fdd307-1725c18e.png,0,0.07384701073169708,real
bdd100k_989c87eb-2196427a.png,0,0.27519989013671875,real
bdd100k_9948a6d2-6673382f.png,0,0.36744946241378784,real
bdd100k_9a2afc0a-a2b6fcfb.png,0,0.6729010343551636,real
bdd100k_9ad65c93-c8ee1218.png,0,0.2334519922733307,real
bdd100k_9d28c095-789179ef.png,0,0.45603564381599426,real
bdd100k_a00a8844-949dd76f_train_color.png,0,0.08901455998420715,real
bdd100k_a29add31-49f1532a.png,0,0.23903995752334595,real
bdd100k_a32543af-20a81156.png,0,0.2332141399383545,real
bdd100k_a32543af-b7d67e99.png,0,0.18106070160865784,real
bdd100k_a48b43f0-2d3bda80.png,0,0.7539668679237366,real
bdd100k_a54e5f6d-00000000_train_id.png,0,0.01296903658658266,real
bdd100k_a5c62f80-8e92bf50_train_id.png,0,0.011280146427452564,real
bdd100k_a88221be-ac4e37ca.png,0,0.5300377011299133,real
bdd100k_a91b7555-00001090_train_color.png,0,0.03631558641791344,real
bdd100k_a93e74d8-512a4803.png,0,0.1020403802394867,real
bdd100k_aafe19f7-729ed2c0.png,0,0.6032299995422363,real
bdd100k_ab54b6e9-91a74408_train_id.png,0,0.04029884561896324,real
bdd100k_adb77b75-b2a4897d.png,0,0.08589895069599152,real
bdd100k_ae49bf6d-00000000.png,0,0.24970455467700958,real
bdd100k_afd1e775-6e58b4bb.png,0,0.8149653673171997,real
bdd100k_b1514a2d-7c200466.png,0,0.21257738769054413,real
bdd100k_b19b87e3-f576fec3_train_color.png,0,0.08455992490053177,real
bdd100k_b27688b6-cd521517.png,0,0.4683903157711029,real
bdd100k_b2e96aa8-4d92cdf0.png,0,0.10653609037399292,real
bdd100k_b33ced12-5caa9205.png,0,0.6809122562408447,real
bdd100k_b3d6c39a-a396c692.png,0,0.10456760972738266,real
bdd100k_b7064abc-4ed592fe.png,0,0.8078601956367493,real
bdd100k_b92d48c3-f7812f84.png,0,0.2954619824886322,real
bdd100k_b9d24e81-a9679e2a.png,0,0.3485943675041199,real
bdd100k_bc39bd15-d825bd1d.png,0,0.1473129242658615,real
bdd100k_c0e05e70-6431cfed.png,0,0.2888222634792328,real
bdd100k_c155b6d9-cfa6c733_train_id.png,0,0.030745921656489372,real
bdd100k_c159a842-cdc7a8cd.png,0,0.5578504204750061,real
bdd100k_c2e4e91e-cf165083.png,0,0.5066295266151428,real
bdd100k_c3cc12e9-d96fb013.png,0,0.6095054745674133,real
bdd100k_c417a291-6a4ed4c9.png,0,0.4267306625843048,real
bdd100k_c4fb8930-2ff82458.png,0,0.4049808382987976,real
bdd100k_c5b166fd-cbe303b7.png,0,0.34640762209892273,real
bdd100k_c65b8cb4-e2aa6d2f.png,0,0.8314339518547058,real
bdd100k_c6bd6f3b-d6ad11b5.png,0,0.13958442211151123,real
bdd100k_c96519fa-d85ac570.png,0,0.6501520872116089,real
bdd100k_c9d6dbc7-edc72471.png,0,0.037491727620363235,real
bdd100k_ca3045ee-a27490fa.png,0,0.2001660317182541,real
bdd100k_cad02f4a-dd2c4b41.png,0,0.04512620344758034,real
bdd100k_cba301b8-469303a6.png,0,0.36360782384872437,real
bdd100k_cc154f56-27f7d6f2.png,0,0.7243005633354187,real
bdd100k_cc2e048a-f0318ec1.png,0,0.6079145073890686,real
bdd100k_cea9ebb6-c6cbf955.png,0,0.38975000381469727,real
bdd100k_d0d83563-dfa83b9d.png,0,0.3156982660293579,real
bdd100k_d15d1cdc-be09fc41.png,0,0.12901785969734192,real
bdd100k_d16a27ae-94242b18.png,0,0.7155829071998596,real
bdd100k_d2075530-34808e8a.png,0,0.6730433106422424,real
bdd100k_d308674c-82e7465d.png,0,0.5513377785682678,real
bdd100k_d36fbb2e-70fc2177.png,0,0.3747791349887848,real
bdd100k_d564d78b-00000000.png,0,0.49392029643058777,real
bdd100k_d6023cbf-a126426e.png,0,0.02089822292327881,real
bdd100k_d6ca2b26-d0e81cd3.png,0,0.618140697479248,real
bdd100k_da8f1246-e26bccd6.png,0,0.384086012840271,real
bdd100k_db5c6243-df428819.png,0,0.18801511824131012,real
bdd100k_dd1a028b-4e9e8c6c.png,0,0.3296642303466797,real
bdd100k_de81edeb-2c44f845.png,0,0.16854365170001984,real
bdd100k_ded53e49-3f2802d9.png,0,0.03761111944913864,real
bdd100k_dede6b87-65b69ba4.png,0,0.5119737386703491,real
bdd100k_df73ed2c-c54886fd.png,0,0.6816124320030212,real
bdd100k_df79a83b-6c863372.png,0,0.302907258272171,real
bdd100k_df899b90-22d0eca8.png,0,0.2804862856864929,real
bdd100k_e01a2b3d-c114c723.png,0,0.20496638119220734,real
bdd100k_e19df6a4-7379be3c.png,0,0.36394497752189636,real
bdd100k_e2a06563-c8e9abef.png,0,0.32627344131469727,real
bdd100k_e35d3d78-29009221.png,0,0.4912548065185547,real
bdd100k_e37813ce-b17c5f9f.png,0,0.5708891153335571,real
bdd100k_e4d043c5-04b467b3.png,0,0.28791797161102295,real
bdd100k_e6066341-00000000.png,0,0.4113514721393585,real
bdd100k_e6843b3b-6b827c57.png,0,0.39623525738716125,real
bdd100k_e758bb09-f1e048a8.png,0,0.5310810804367065,real
bdd100k_ed027695-6b604ca1.png,0,0.24036556482315063,real
bdd100k_ee893ee1-c9464d9b.png,0,0.5635204911231995,real
bdd100k_efb87586-00000000.png,0,0.48960933089256287,real
bdd100k_f1df68d9-2fa3b59c.png,0,0.016079962253570557,real
bdd100k_f435d3df-94d04e43.png,0,0.008547082543373108,real
bdd100k_f504ea27-18bb573b.png,0,0.7449629902839661,real
bdd100k_f702ebe5-23fb11b0.png,0,0.7018685936927795,real
bdd100k_f7967f5b-77c8e341.png,0,0.3759504556655884,real
bdd100k_f7dfb53f-ece53f99.png,0,0.13859814405441284,real
bdd100k_f94e9b81-bf991243.png,0,0.25691598653793335,real
bdd100k_fb984002-57381bfd.png,0,0.4584744870662689,real
bdd100k_fcfe0f44-a8320a65.png,0,0.1818280816078186,real
casia_Au_arc_00033.png,0,0.0068038892932236195,real
casia_Au_arc_00048.png,0,0.6662601828575134,real
casia_Au_arc_00066.png,0,0.42506954073905945,real
casia_Au_arc_00097.png,0,0.2530982792377472,real
casia_Au_arc_00100.png,0,0.006552620325237513,real
casia_Au_arc_10101.png,0,1.312936183239799e-05,real
casia_Au_arc_10102.png,0,0.02439877763390541,real
casia_Au_arc_10110.png,0,0.0013534919125959277,real
casia_Au_arc_20019.png,0,0.7183395028114319,real
casia_Au_arc_20026.png,0,0.9047573804855347,real
casia_Au_arc_20038.png,0,0.7046611905097961,real
casia_Au_arc_20040.png,0,0.19319859147071838,real
casia_Au_arc_20043.png,0,0.03695676848292351,real
casia_Au_arc_20069.png,0,0.007362388540059328,real
casia_Au_arc_20082.png,0,0.01773294433951378,real
casia_Au_arc_30021.png,0,0.9743623733520508,real
casia_Au_arc_30024.png,0,0.2419881373643875,real
casia_Au_arc_30033.png,0,0.021357065066695213,real
casia_Au_arc_30065.png,0,0.8694582581520081,real
casia_Au_arc_30097.png,0,0.04199228435754776,real
casia_Au_arc_30112.png,0,0.8927064538002014,real
casia_Au_arc_30114.png,0,0.49064162373542786,real
casia_Au_arc_30118.png,0,0.9179072976112366,real
casia_Au_arc_30126.png,0,0.00010945627582259476,real
casia_Au_arc_30154.png,0,0.875969409942627,real
casia_Au_arc_30178.png,0,0.8615837097167969,real
casia_Au_arc_30190.png,0,0.8870418071746826,real
casia_Au_arc_30191.png,0,0.004663805477321148,real
casia_Au_arc_30202.png,0,0.9122534990310669,real
casia_Au_arc_30218.png,0,0.7760494947433472,real
casia_Au_arc_30223.png,0,0.48316454887390137,real
casia_Au_arc_30240.png,0,0.7857155799865723,real
casia_Au_arc_30260.png,0,0.0377437025308609,real
casia_Au_arc_30290.png,0,0.7891075015068054,real
casia_Au_arc_30304.png,0,0.005334191024303436,real
casia_Au_arc_30305.png,0,0.0037504180800169706,real
casia_Au_arc_30313.png,0,0.060617439448833466,real
casia_Au_arc_30314.png,0,0.5356939435005188,real
casia_Au_arc_30333.png,0,0.027860136702656746,real
casia_Au_arc_30334.png,0,0.07319319993257523,real
casia_Au_arc_30339.png,0,0.3549298048019409,real
casia_Au_arc_30371.png,0,8.907387382350862e-05,real
casia_Au_arc_30372.png,0,0.6001519560813904,real
casia_Au_arc_30386.png,0,0.008293147198855877,real
casia_Au_arc_30405.png,0,0.005568353459239006,real
casia_Au_arc_30407.png,0,0.6308842301368713,real
casia_Au_arc_30412.png,0,0.0036285107489675283,real
casia_Au_arc_30433.png,0,0.016128724440932274,real
casia_Au_arc_30471.png,0,0.718467116355896,real
casia_Au_arc_30500.png,0,0.8499813675880432,real
casia_Au_arc_30504.png,0,0.35565921664237976,real
casia_Au_arc_30522.png,0,0.7573678493499756,real
casia_Au_arc_30523.png,0,0.593068540096283,real
casia_Au_arc_30528.png,0,0.5768060684204102,real
casia_Au_arc_30532.png,0,0.9453510046005249,real
casia_Au_arc_30552.png,0,0.02430950663983822,real
casia_Au_arc_30553.png,0,0.00028856986318714917,real
casia_Au_arc_30563.png,0,0.24829450249671936,real
casia_Au_arc_30571.png,0,0.8819714784622192,real
casia_Au_arc_30579.png,0,0.9780749082565308,real
casia_Au_arc_30623.png,0,0.8766450881958008,real
casia_Au_arc_30631.png,0,0.0034980771597474813,real
casia_Au_arc_30635.png,0,0.0367920845746994,real
casia_Au_arc_30656.png,0,0.027805302292108536,real
casia_Au_arc_30668.png,0,0.01819567196071148,real
casia_Au_arc_30674.png,0,0.774151623249054,real
casia_Au_arc_30678.png,0,0.0007184873102232814,real
casia_Au_arc_30692.png,0,0.004320201929658651,real
casia_Au_arc_30706.png,0,0.0018775585340335965,real
casia_Au_arc_30710.png,0,0.7550206780433655,real
casia_Au_arc_30729.png,0,0.07014215737581253,real
casia_Au_arc_30733.png,0,0.004364470485597849,real
casia_Au_arc_30734.png,0,0.999152660369873,real
casia_Au_arc_30764.png,0,5.173760655452497e-06,real
casia_Au_arc_30765.png,0,0.290221631526947,real
casia_Au_arc_30769.png,0,0.2483249008655548,real
casia_Au_arc_30771.png,0,0.7617005109786987,real
casia_Au_arc_30781.png,0,0.49414363503456116,real
casia_Au_arc_30790.png,0,0.9737308025360107,real
casia_Au_arc_30792.png,0,0.14184321463108063,real
casia_Au_arc_30800.png,0,0.1396971195936203,real
casia_Au_arc_30810.png,0,0.00010527736594667658,real
casia_Au_arc_30824.png,0,0.7014544606208801,real
casia_Au_art_00002.png,0,0.9624856114387512,real
casia_Au_art_00037.png,0,0.8925765752792358,real
casia_Au_art_00072.png,0,0.0009935280540958047,real
casia_Au_art_00074.png,0,0.9445117115974426,real
casia_Au_art_00084.png,0,0.9407722353935242,real
casia_Au_art_10104.png,0,0.004066217690706253,real
casia_Au_art_10109.png,0,0.3465690314769745,real
casia_Au_art_20024.png,0,0.14149998128414154,real
casia_Au_art_20050.png,0,0.10086299479007721,real
casia_Au_art_20065.png,0,0.00021977331198286265,real
casia_Au_art_20068.png,0,0.0029043741524219513,real
casia_Au_art_20077.png,0,0.004660309292376041,real
casia_Au_art_20079.png,0,0.03619500994682312,real
casia_Au_art_20081.png,0,0.7602517604827881,real
casia_Au_art_30009.png,0,0.4696296751499176,real
casia_Au_art_30027.png,0,0.0005399698857218027,real
casia_Au_art_30066.png,0,0.598073422908783,real
casia_Au_art_30071.png,0,0.14574427902698517,real
casia_Au_art_30076.png,0,0.03657641261816025,real
casia_Au_art_30081.png,0,0.6435301899909973,real
casia_Au_art_30083.png,0,0.7758789658546448,real
casia_Au_art_30086.png,0,0.06057063117623329,real
casia_Au_art_30117.png,0,0.6812220811843872,real
casia_Au_art_30118.png,0,0.9703162312507629,real
casia_Au_art_30147.png,0,0.3537657558917999,real
casia_Au_art_30158.png,0,0.003761768341064453,real
casia_Au_art_30167.png,0,0.006949502043426037,real
casia_Au_art_30172.png,0,0.5541498064994812,real
casia_Au_art_30226.png,0,0.00548783503472805,real
casia_Au_art_30242.png,0,7.495586373806873e-08,real
casia_Au_art_30257.png,0,0.023814978078007698,real
casia_Au_art_30286.png,0,3.2980409741867334e-05,real
casia_Au_art_30292.png,0,0.00021473472588695586,real
casia_Au_art_30301.png,0,0.057767003774642944,real
casia_Au_art_30332.png,0,0.5375694036483765,real
casia_Au_art_30335.png,0,0.7532274723052979,real
casia_Au_art_30337.png,0,0.27149152755737305,real
casia_Au_art_30348.png,0,0.7877209782600403,real
casia_Au_art_30352.png,0,0.8740925788879395,real
casia_Au_art_30364.png,0,0.6762545704841614,real
casia_Au_art_30421.png,0,0.8719779849052429,real
casia_Au_art_30433.png,0,0.008730461820960045,real
casia_Au_art_30443.png,0,0.45275360345840454,real
casia_Au_art_30451.png,0,0.05849604308605194,real
casia_Au_art_30453.png,0,0.4190574288368225,real
casia_Au_art_30507.png,0,0.00676691671833396,real
casia_Au_art_30509.png,0,0.9834152460098267,real
casia_Au_art_30510.png,0,0.87827467918396,real
casia_Au_art_30532.png,0,0.9835725426673889,real
casia_Au_art_30539.png,0,0.33037200570106506,real
casia_Au_art_30551.png,0,0.9590913653373718,real
casia_Au_art_30557.png,0,0.2777956426143646,real
casia_Au_art_30559.png,0,0.038558587431907654,real
casia_Au_art_30570.png,0,0.8719972372055054,real
casia_Au_art_30592.png,0,0.6448851227760315,real
casia_Au_art_30596.png,0,0.994796097278595,real
casia_Au_art_30599.png,0,0.14739514887332916,real
casia_Au_art_30674.png,0,0.024809718132019043,real
casia_Au_art_30685.png,0,0.9186506867408752,real
casia_Au_ind_00015.png,0,0.9388506412506104,real
casia_Au_ind_00021.png,0,0.9884849786758423,real
casia_Au_ind_00025.png,0,0.7799685001373291,real
casia_Au_ind_00037.png,0,0.3512042164802551,real
casia_Au_ind_00044.png,0,0.5603877305984497,real
casia_Au_ind_00051.png,0,0.04673382639884949,real
casia_Au_ind_00056.png,0,0.6451624035835266,real
casia_Au_ind_00066.png,0,0.2886297404766083,real
casia_Au_ind_00072.png,0,0.4477301836013794,real
casia_Au_ind_00082.png,0,0.027454670518636703,real
casia_Au_ind_00083.png,0,0.37300845980644226,real
casia_Au_ind_10101.png,0,0.550203263759613,real
casia_Au_ind_10103.png,0,0.014802838675677776,real
casia_Au_ind_10104.png,0,0.028926361352205276,real
casia_Au_ind_20002.png,0,0.4969850778579712,real
casia_Au_ind_20015.png,0,0.7345814108848572,real
casia_Au_ind_20017.png,0,0.9704962968826294,real
casia_Au_ind_20049.png,0,0.1598847508430481,real
casia_Au_ind_20059.png,0,0.0018776262877508998,real
casia_Au_ind_30032.png,0,0.025294983759522438,real
casia_Au_ind_30049.png,0,0.43748146295547485,real
casia_Au_ind_30052.png,0,0.9742591381072998,real
casia_Au_ind_30061.png,0,0.9863371253013611,real
casia_Au_ind_30065.png,0,0.006455661728978157,real
casia_Au_ind_30078.png,0,0.8556919097900391,real
casia_Au_ind_30082.png,0,0.2865505814552307,real
casia_Au_ind_30090.png,0,0.22380569577217102,real
casia_Au_ind_30098.png,0,0.991121768951416,real
casia_Au_ind_30100.png,0,0.041100312024354935,real
casia_Au_ind_30115.png,0,0.024183979257941246,real
casia_Au_ind_30137.png,0,0.5315758585929871,real
casia_Au_ind_30142.png,0,0.9019790291786194,real
casia_Au_ind_30148.png,0,0.9678940176963806,real
casia_Au_ind_30162.png,0,0.03966459631919861,real
casia_Au_sec_00007.png,0,0.9815513491630554,real
casia_Au_sec_00037.png,0,0.9932125806808472,real
casia_Au_sec_00059.png,0,0.08967374265193939,real
casia_Au_sec_00060.png,0,0.8823291659355164,real
casia_Au_sec_00068.png,0,0.6510151624679565,real
casia_Au_sec_00077.png,0,0.26570749282836914,real
casia_Au_sec_00078.png,0,0.5630645751953125,real
casia_Au_sec_10103.png,0,0.06046163663268089,real
casia_Au_sec_20001.png,0,0.0005872434703633189,real
casia_Au_sec_20007.png,0,0.061905547976493835,real
casia_Au_sec_20021.png,0,0.9817669987678528,real
casia_Au_sec_20028.png,0,0.8032958507537842,real
casia_Au_sec_20046.png,0,0.10094767808914185,real
casia_Au_sec_20051.png,0,0.673618733882904,real
casia_Au_sec_20078.png,0,0.7337291240692139,real
casia_Au_sec_30003.png,0,0.5066712498664856,real
casia_Au_sec_30048.png,0,0.07356376200914383,real
casia_Au_sec_30063.png,0,0.8198941349983215,real
casia_Au_sec_30068.png,0,0.8496081829071045,real
casia_Au_sec_30078.png,0,0.8520896434783936,real
casia_Au_sec_30082.png,0,0.0005355788744054735,real
casia_Au_sec_30083.png,0,0.006081899628043175,real
casia_Au_sec_30094.png,0,0.15348754823207855,real
casia_Au_sec_30100.png,0,0.09537310153245926,real
casia_Au_sec_30112.png,0,0.41524115204811096,real
casia_Au_sec_30114.png,0,0.7658406496047974,real
casia_Au_sec_30117.png,0,0.17302456498146057,real
casia_Au_sec_30183.png,0,0.6793159246444702,real
casia_Au_sec_30191.png,0,0.1317288726568222,real
casia_Au_sec_30201.png,0,0.960608184337616,real
casia_Au_sec_30206.png,0,0.05793924629688263,real
casia_Au_sec_30207.png,0,0.28778308629989624,real
casia_Au_sec_30222.png,0,0.23329435288906097,real
casia_Au_sec_30228.png,0,0.11266876757144928,real
casia_Au_sec_30235.png,0,0.24652868509292603,real
casia_Au_sec_30237.png,0,0.6144174933433533,real
casia_Au_sec_30248.png,0,0.57432621717453,real
casia_Au_sec_30259.png,0,0.9717997908592224,real
casia_Au_sec_30290.png,0,0.004662623628973961,real
casia_Au_sec_30299.png,0,0.45532068610191345,real
casia_Au_sec_30311.png,0,1.192315812659217e-05,real
casia_Au_sec_30314.png,0,0.23339711129665375,real
casia_Au_sec_30338.png,0,0.00012045410403516144,real
casia_Au_sec_30351.png,0,4.407551750773564e-05,real
casia_Au_sec_30376.png,0,0.19908097386360168,real
casia_Au_sec_30379.png,0,0.00040561286732554436,real
casia_Au_sec_30380.png,0,0.22129806876182556,real
casia_Au_sec_30447.png,0,0.003110505873337388,real
casia_Au_sec_30466.png,0,0.0004365234635770321,real
casia_Au_sec_30496.png,0,0.08311545103788376,real
casia_Au_sec_30549.png,0,0.005475921090692282,real
casia_Au_sec_30555.png,0,0.8847801685333252,real
casia_Au_sec_30562.png,0,0.9987813830375671,real
casia_Au_sec_30589.png,0,0.15676632523536682,real
casia_Au_sec_30590.png,0,0.09551338851451874,real
casia_Au_sec_30606.png,0,0.05025206133723259,real
casia_Au_sec_30618.png,0,0.9452188014984131,real
casia_Au_sec_30635.png,0,0.29769760370254517,real
casia_Au_sec_30656.png,0,0.07806526124477386,real
casia_Au_sec_30662.png,0,0.23393280804157257,real
casia_Au_sec_30669.png,0,0.9621658325195312,real
casia_Au_sec_30674.png,0,0.6220079064369202,real
casia_Au_sec_30698.png,0,0.574550986289978,real
casia_Au_sec_30719.png,0,0.01765688881278038,real
ucf_crime_Normal_Videos012_x264_8s.png,0,0.0025482894852757454,real
ucf_crime_Normal_Videos023_x264_41s.png,0,0.00019522370712365955,real
ucf_crime_Normal_Videos035_x264_210s.png,0,0.004643503110855818,real
ucf_crime_Normal_Videos039_x264_37s.png,0,0.1634189635515213,real
ucf_crime_Normal_Videos049_x264_29s.png,0,0.02318429760634899,real
ucf_crime_Normal_Videos054_x264_23s.png,0,0.0009564706706441939,real
ucf_crime_Normal_Videos057_x264_43s.png,0,0.057771485298871994,real
ucf_crime_Normal_Videos057_x264_87s.png,0,0.028336720541119576,real
ucf_crime_Normal_Videos077_x264_24s.png,0,0.007483616005629301,real
ucf_crime_Normal_Videos089_x264_443s.png,0,0.0010258646216243505,real
ucf_crime_Normal_Videos091_x264_593s.png,0,0.00017621507868170738,real
ucf_crime_Normal_Videos094_x264_3s.png,0,0.0008988013723865151,real
ucf_crime_Normal_Videos095_x264_3s.png,0,0.00923397671431303,real
ucf_crime_Normal_Videos119_x264_31s.png,0,0.0004327234346419573,real
ucf_crime_Normal_Videos120_x264_28s.png,0,0.03823013976216316,real
ucf_crime_Normal_Videos121_x264_27s.png,0,0.035218458622694016,real
ucf_crime_Normal_Videos133_x264_68s.png,0,0.005856303498148918,real
ucf_crime_Normal_Videos134_x264_14s.png,0,0.006750333122909069,real
ucf_crime_Normal_Videos138_x264_3595s.png,0,1.910176372632577e-08,real
ucf_crime_Normal_Videos139_x264_473s.png,0,0.00451999856159091,real
ucf_crime_Normal_Videos140_x264_25s.png,0,0.0022657285444438457,real
ucf_crime_Normal_Videos149_x264_7s.png,0,0.005867446307092905,real
ucf_crime_Normal_Videos152_x264_191s.png,0,0.0655902549624443,real
ucf_crime_Normal_Videos153_x264_200s.png,0,0.0014721733750775456,real
ucf_crime_Normal_Videos164_x264_322s.png,0,0.12787379324436188,real
ucf_crime_Normal_Videos166_x264_16s.png,0,5.781836443929933e-05,real
ucf_crime_Normal_Videos192_x264_87s.png,0,9.211866199621e-06,real
ucf_crime_Normal_Videos200_x264_97s.png,0,0.07079750299453735,real
ucf_crime_Normal_Videos201_x264_37s.png,0,0.0020942818373441696,real
ucf_crime_Normal_Videos201_x264_89s.png,0,0.0011939535615965724,real
ucf_crime_Normal_Videos212_x264_151s.png,0,0.005074169486761093,real
ucf_crime_Normal_Videos214_x264_219s.png,0,0.0015653349692001939,real
ucf_crime_Normal_Videos216_x264_43s.png,0,0.7711190581321716,real
ucf_crime_Normal_Videos216_x264_90s.png,0,0.8640269041061401,real
ucf_crime_Normal_Videos220_x264_23s.png,0,0.5666966438293457,real
ucf_crime_Normal_Videos225_x264_169s.png,0,0.005371011793613434,real
ucf_crime_Normal_Videos229_x264_3s.png,0,0.001148864859715104,real
ucf_crime_Normal_Videos234_x264_113s.png,0,0.002846446819603443,real
ucf_crime_Normal_Videos238_x264_39s.png,0,3.50566697306931e-05,real
ucf_crime_Normal_Videos242_x264_13s.png,0,0.0005444599664770067,real
ucf_crime_Normal_Videos261_x264_48s.png,0,1.1139797351233938e-07,real
ucf_crime_Normal_Videos273_x264_46s.png,0,0.0015659969067201018,real
ucf_crime_Normal_Videos277_x264_676s.png,0,0.002029871102422476,real
ucf_crime_Normal_Videos294_x264_8s.png,0,0.00021521684539038688,real
ucf_crime_Normal_Videos307_x264_18408s.png,0,0.0002252667909488082,real
ucf_crime_Normal_Videos335_x264_62s.png,0,0.000389789609471336,real
ucf_crime_Normal_Videos338_x264_15s.png,0,0.0047210706397891045,real
ucf_crime_Normal_Videos338_x264_16s.png,0,0.00035637966357171535,real
ucf_crime_Normal_Videos340_x264_52s.png,0,0.007116285618394613,real
ucf_crime_Normal_Videos342_x264_22s.png,0,0.8298302292823792,real
ucf_crime_Normal_Videos347_x264_23s.png,0,0.16080287098884583,real
ucf_crime_Normal_Videos348_x264_28s.png,0,0.02053883485496044,real
ucf_crime_Normal_Videos375_x264_758s.png,0,8.030389290070161e-05,real
ucf_crime_Normal_Videos385_x264_22s.png,0,0.8531529903411865,real
ucf_crime_Normal_Videos386_x264_60s.png,0,0.0350772887468338,real
ucf_crime_Normal_Videos389_x264_34s.png,0,0.5605669617652893,real
ucf_crime_Normal_Videos396_x264_2165s.png,0,0.025327468290925026,real
ucf_crime_Normal_Videos398_x264_81s.png,0,8.626833732705563e-05,real
ucf_crime_Normal_Videos405_x264_16s.png,0,0.510037899017334,real
ucf_crime_Normal_Videos410_x264_46s.png,0,0.0031485839281231165,real
ucf_crime_Normal_Videos410_x264_79s.png,0,0.018639177083969116,real
ucf_crime_Normal_Videos418_x264_3s.png,0,0.017669491469860077,real
ucf_crime_Normal_Videos420_x264_69s.png,0,0.000181984796654433,real
ucf_crime_Normal_Videos423_x264_41s.png,0,1.5962928046064917e-06,real
ucf_crime_Normal_Videos423_x264_74s.png,0,1.0398381391496514e-06,real
ucf_crime_Normal_Videos427_x264_8s.png,0,0.9779043197631836,real
ucf_crime_Normal_Videos431_x264_32s.png,0,1.3526969269150868e-05,real
ucf_crime_Normal_Videos434_x264_33s.png,0,0.0005163633613847196,real
ucf_crime_Normal_Videos436_x264_33s.png,0,0.0011368526611477137,real
ucf_crime_Normal_Videos442_x264_52s.png,0,0.015709303319454193,real
ucf_crime_Normal_Videos445_x264_62s.png,0,0.0002381413069088012,real
ucf_crime_Normal_Videos449_x264_2659s.png,0,0.00031600065995007753,real
ucf_crime_Normal_Videos457_x264_20s.png,0,0.0034189389552921057,real
ucf_crime_Normal_Videos457_x264_27s.png,0,0.0004914435558021069,real
ucf_crime_Normal_Videos460_x264_109s.png,0,1.0868920874429477e-08,real
ucf_crime_Normal_Videos461_x264_52s.png,0,3.6757793253627824e-08,real
ucf_crime_Normal_Videos473_x264_539s.png,0,0.009429816156625748,real
ucf_crime_Normal_Videos484_x264_117s.png,0,0.10744177550077438,real
ucf_crime_Normal_Videos498_x264_175s.png,0,0.004045098554342985,real
ucf_crime_Normal_Videos503_x264_5s.png,0,0.25966161489486694,real
ucf_crime_Normal_Videos508_x264_24s.png,0,0.011749759316444397,real
ucf_crime_Normal_Videos512_x264_65s.png,0,0.02669123373925686,real
ucf_crime_Normal_Videos521_x264_1356s.png,0,0.01205858401954174,real
ucf_crime_Normal_Videos524_x264_121s.png,0,0.05472825840115547,real
ucf_crime_Normal_Videos527_x264_14s.png,0,0.005193756427615881,real
ucf_crime_Normal_Videos528_x264_37s.png,0,0.6247654557228088,real
ucf_crime_Normal_Videos537_x264_76s.png,0,8.624734704199e-08,real
ucf_crime_Normal_Videos538_x264_24s.png,0,0.054862942546606064,real
ucf_crime_Normal_Videos541_x264_1475s.png,0,0.07870815694332123,real
ucf_crime_Normal_Videos549_x264_107s.png,0,0.8772224187850952,real
ucf_crime_Normal_Videos549_x264_152s.png,0,0.8678602576255798,real
ucf_crime_Normal_Videos562_x264_706s.png,0,0.0022380626760423183,real
ucf_crime_Normal_Videos566_x264_304s.png,0,0.0009897381532937288,real
ucf_crime_Normal_Videos569_x264_28s.png,0,0.0013855452416464686,real
ucf_crime_Normal_Videos572_x264_37s.png,0,0.041666045784950256,real
ucf_crime_Normal_Videos582_x264_80s.png,0,0.9620789885520935,real
ucf_crime_Normal_Videos583_x264_108s.png,0,0.3107966184616089,real
ucf_crime_Normal_Videos587_x264_201s.png,0,0.02085583098232746,real
ucf_crime_Normal_Videos602_x264_85s.png,0,0.8472610712051392,real
ucf_crime_Normal_Videos604_x264_6s.png,0,0.002806953387334943,real
ucf_crime_Normal_Videos612_x264_34s.png,0,0.03636325150728226,real
ucf_crime_Normal_Videos613_x264_63s.png,0,0.04658029228448868,real
ucf_crime_Normal_Videos620_x264_273s.png,0,6.0152015066705644e-05,real
ucf_crime_Normal_Videos638_x264_291s.png,0,0.47898927330970764,real
ucf_crime_Normal_Videos642_x264_678s.png,0,0.0007189828902482986,real
ucf_crime_Normal_Videos649_x264_28s.png,0,0.0023297599982470274,real
ucf_crime_Normal_Videos655_x264_68s.png,0,0.9611964821815491,real
ucf_crime_Normal_Videos665_x264_165s.png,0,0.020793385803699493,real
ucf_crime_Normal_Videos666_x264_2737s.png,0,2.6232658711933254e-08,real
ucf_crime_Normal_Videos670_x264_77s.png,0,1.2411209213136765e-11,real
ucf_crime_Normal_Videos687_x264_642s.png,0,0.03233540058135986,real
ucf_crime_Normal_Videos687_x264_99s.png,0,0.01073402352631092,real
ucf_crime_Normal_Videos688_x264_1490s.png,0,0.04232358559966087,real
ucf_crime_Normal_Videos688_x264_2034s.png,0,0.03549870476126671,real
ucf_crime_Normal_Videos689_x264_991s.png,0,0.005662968382239342,real
ucf_crime_Normal_Videos694_x264_514s.png,0,0.00011633514804998413,real
ucf_crime_Normal_Videos697_x264_38s.png,0,3.610467445014365e-07,real
ucf_crime_Normal_Videos697_x264_54s.png,0,1.95082190401763e-08,real
ucf_crime_Normal_Videos699_x264_12s.png,0,0.0010975798359140754,real
ucf_crime_Normal_Videos700_x264_92s.png,0,0.13309654593467712,real
ucf_crime_Normal_Videos701_x264_872s.png,0,1.4459918929787818e-05,real
ucf_crime_Normal_Videos706_x264_21s.png,0,0.0023142343852669,real
ucf_crime_Normal_Videos713_x264_614s.png,0,0.00790184736251831,real
ucf_crime_Normal_Videos714_x264_784s.png,0,0.009414519183337688,real
ucf_crime_Normal_Videos719_x264_59s.png,0,0.00181048852391541,real
ucf_crime_Normal_Videos724_x264_29s.png,0,0.0009323236881755292,real
ucf_crime_Normal_Videos727_x264_10s.png,0,0.05108332633972168,real
ucf_crime_Normal_Videos728_x264_30s.png,0,0.32221677899360657,real
ucf_crime_Normal_Videos728_x264_41s.png,0,0.6531001925468445,real
ucf_crime_Normal_Videos729_x264_23s.png,0,0.004958178382366896,real
ucf_crime_Normal_Videos739_x264_35s.png,0,6.206345915416023e-06,real
ucf_crime_Normal_Videos741_x264_114s.png,0,3.6925101198903576e-08,real
ucf_crime_Normal_Videos752_x264_10s.png,0,0.00014924834249541163,real
ucf_crime_Normal_Videos755_x264_3s.png,0,0.9238971471786499,real
ucf_crime_Normal_Videos776_x264_78s.png,0,3.5865548397850944e-06,real
ucf_crime_Normal_Videos793_x264_38s.png,0,0.8094176054000854,real
ucf_crime_Normal_Videos794_x264_10s.png,0,0.2515459358692169,real
ucf_crime_Normal_Videos807_x264_67s.png,0,0.0005393361789174378,real
ucf_crime_Normal_Videos811_x264_44s.png,0,0.0006153613212518394,real
ucf_crime_Normal_Videos819_x264_189s.png,0,0.00014780182391405106,real
ucf_crime_Normal_Videos823_x264_10s.png,0,0.013137533329427242,real
ucf_crime_Normal_Videos827_x264_4s.png,0,0.8237940073013306,real
ucf_crime_Normal_Videos830_x264_35s.png,0,0.023158404976129532,real
ucf_crime_Normal_Videos836_x264_542s.png,0,1.7805500647227746e-06,real
ucf_crime_Normal_Videos846_x264_40s.png,0,0.027106372639536858,real
ucf_crime_Normal_Videos848_x264_42s.png,0,0.04954129084944725,real
ucf_crime_Normal_Videos854_x264_250s.png,0,4.570874523324164e-08,real
ucf_crime_Normal_Videos917_x264_25s.png,0,3.6192204788676463e-06,real
ucf_crime_Normal_Videos949_x264_10s.png,0,0.001208042143844068,real
ucf_crime_Normal_Videos950_x264_11s.png,0,0.8529817461967468,real
ucf_crime_Normal_Videos_010_x264_2s.png,0,7.573412403871771e-06,real
ucf_crime_Normal_Videos_014_x264_33s.png,0,0.12528812885284424,real
ucf_crime_Normal_Videos_024_x264_25s.png,0,0.0014142347499728203,real
ucf_crime_Normal_Videos_027_x264_104s.png,0,0.033713050186634064,real
ucf_crime_Normal_Videos_041_x264_36s.png,0,0.013819167390465736,real
ucf_crime_Normal_Videos_048_x264_35s.png,0,1.7539803138788557e-06,real
ucf_crime_Normal_Videos_050_x264_14s.png,0,0.7855126261711121,real
ucf_crime_Normal_Videos_175_x264_245s.png,0,0.17552274465560913,real
ucf_crime_Normal_Videos_246_x264_19s.png,0,0.017021629959344864,real
ucf_crime_Normal_Videos_248_x264_20s.png,0,0.004917885642498732,real
ucf_crime_Normal_Videos_453_x264_133s.png,0,0.013953794725239277,real
ucf_crime_Normal_Videos_621_x264_37s.png,0,0.003267137100920081,real
ucf_crime_Normal_Videos_641_x264_14s.png,0,0.0025370267685502768,real
ucf_crime_Normal_Videos_641_x264_34s.png,0,0.03096053935587406,real
ucf_crime_Normal_Videos_702_x264_9s.png,0,0.001674454309977591,real
ucf_crime_Normal_Videos_717_x264_27s.png,0,0.0003861769801005721,real
ucf_crime_Normal_Videos_722_x264_112s.png,0,0.0035476814955472946,real
ucf_crime_Normal_Videos_758_x264_32s.png,0,0.0002614444529172033,real
ucf_crime_Normal_Videos_758_x264_4s.png,0,0.005738549400120974,real
ucf_crime_Normal_Videos_873_x264_11s.png,0,9.531682735541835e-06,real
ucf_crime_Normal_Videos_887_x264_232s.png,0,5.227957444731146e-06,real
ucf_crime_Normal_Videos_891_x264_37s.png,0,0.0003272752510383725,real
ucf_crime_Normal_Videos_892_x264_16s.png,0,0.08737945556640625,real
ucf_crime_Normal_Videos_927_x264_16s.png,0,6.455402763094753e-05,real
ucf_crime_Normal_Videos_931_x264_44s.png,0,0.00863399263471365,real
ucf_crime_Normal_Videos_934_x264_29s.png,0,0.0005315504386089742,real
ucf_crime_Normal_Videos_937_x264_11s.png,0,0.2351747453212738,real
ucf_crime_Normal_Videos_937_x264_2s.png,0,0.09511057287454605,real
ucf_crime_Normal_Videos_938_x264_16s.png,0,0.03145449608564377,real
virat_VIRAT_S_000201_01_000384_000589_137s.png,0,0.8646030426025391,real
virat_VIRAT_S_000202_00_000000_000977_775s.png,0,0.3773305118083954,real
virat_VIRAT_S_000203_05_001122_001159_24s.png,0,0.4107334613800049,real
virat_VIRAT_S_000203_08_001702_001734_14s.png,0,0.416198194026947,real
virat_VIRAT_S_000205_00_000065_000149_24s.png,0,0.6686241626739502,real
virat_VIRAT_S_000205_00_000065_000149_26s.png,0,0.7545010447502136,real
virat_VIRAT_S_000205_04_000927_001057_35s.png,0,0.5575495958328247,real
virat_VIRAT_S_000207_02_000498_000530_9s.png,0,0.7727774977684021,real
virat_VIRAT_S_010000_03_000442_000528_49s.png,0,0.011402875185012817,real
virat_VIRAT_S_010000_03_000442_000528_4s.png,0,0.006820345763117075,real
virat_VIRAT_S_010001_01_000071_000167_49s.png,0,0.0037655106279999018,real
virat_VIRAT_S_010001_10_000962_001005_29s.png,0,0.001899259747005999,real
virat_VIRAT_S_010002_00_000012_000120_83s.png,0,0.15557581186294556,real
virat_VIRAT_S_010003_00_000000_000108_74s.png,0,0.020801251754164696,real
virat_VIRAT_S_010004_02_000191_000237_19s.png,0,0.02263455279171467,real
virat_VIRAT_S_010004_07_000729_000809_21s.png,0,0.005681064445525408,real
virat_VIRAT_S_010004_07_000729_000809_58s.png,0,0.012929799035191536,real
virat_VIRAT_S_010106_00_000098_000315_93s.png,0,0.14897935092449188,real
virat_VIRAT_S_010107_00_000019_000057_29s.png,0,0.006365503650158644,real
virat_VIRAT_S_010109_05_000602_000678_6s.png,0,0.0001809549139579758,real
virat_VIRAT_S_010109_07_000876_000910_10s.png,0,0.00011572860239539295,real
virat_VIRAT_S_010111_00_000000_000032_11s.png,0,0.004747637081891298,real
virat_VIRAT_S_010111_02_000198_000310_92s.png,0,0.0001210698246723041,real
virat_VIRAT_S_010113_07_000965_001013_22s.png,0,0.045987289398908615,real
virat_VIRAT_S_010113_07_000965_001013_9s.png,0,0.04887542128562927,real
virat_VIRAT_S_010114_02_000765_000802_9s.png,0,0.015391312539577484,real
virat_VIRAT_S_010200_00_000060_000218_55s.png,0,0.45455989241600037,real
virat_VIRAT_S_010200_01_000254_000322_36s.png,0,0.12153296917676926,real
virat_VIRAT_S_010200_05_000658_000700_2s.png,0,0.06285053491592407,real
virat_VIRAT_S_010201_00_000000_000053_39s.png,0,0.13516001403331757,real
virat_VIRAT_S_010201_04_000374_000469_48s.png,0,0.11131474375724792,real
virat_VIRAT_S_010202_03_000313_000355_6s.png,0,0.18158642947673798,real
virat_VIRAT_S_010204_09_001285_001336_12s.png,0,0.013616005890071392,real
virat_VIRAT_S_010204_11_001524_001607_17s.png,0,0.09273627400398254,real
virat_VIRAT_S_010207_01_000712_000752_5s.png,0,0.03645125404000282,real
virat_VIRAT_S_010208_05_000591_000631_16s.png,0,0.09871470183134079,real
virat_VIRAT_S_040000_01_000042_000099_22s.png,0,0.13454118371009827,real
virat_VIRAT_S_040000_02_000111_000145_27s.png,0,0.035958338528871536,real
virat_VIRAT_S_040000_02_000111_000145_5s.png,0,0.04863181337714195,real
virat_VIRAT_S_040000_06_000746_000964_199s.png,0,0.04601200297474861,real
virat_VIRAT_S_040001_01_000448_001101_197s.png,0,0.11420018970966339,real
virat_VIRAT_S_040003_06_001441_001518_52s.png,0,0.057194266468286514,real
virat_VIRAT_S_040005_00_000003_000058_9s.png,0,0.12473030388355255,real
virat_VIRAT_S_040103_00_000000_000120_98s.png,0,0.18289749324321747,real
virat_VIRAT_S_040103_06_000836_000909_27s.png,0,0.5303899645805359,real
virat_VIRAT_S_040104_00_000120_000224_22s.png,0,0.39566463232040405,real
virat_VIRAT_S_040104_01_000227_000457_84s.png,0,0.2518445551395416,real
virat_VIRAT_S_050000_11_001530_001576_41s.png,0,0.03956509754061699,real
virat_VIRAT_S_050201_00_000012_000116_46s.png,0,0.14929723739624023,real
virat_VIRAT_S_050201_05_000890_000944_35s.png,0,0.21889618039131165,real
virat_VIRAT_S_050201_06_001168_001240_13s.png,0,0.37603282928466797,real
virat_VIRAT_S_050201_10_001992_002056_6s.png,0,0.18333640694618225,real
virat_VIRAT_S_050201_11_002090_002220_67s.png,0,0.48377254605293274,real
virat_VIRAT_S_050202_00_000000_000105_93s.png,0,0.3486644923686981,real
virat_VIRAT_S_050202_09_001642_001712_55s.png,0,0.3355279266834259,real
virat_VIRAT_S_050202_10_002159_002233_22s.png,0,0.5663678050041199,real
virat_VIRAT_S_050203_06_001202_001264_53s.png,0,0.48791059851646423,real
virat_VIRAT_S_050203_06_001202_001264_6s.png,0,0.48121315240859985,real
virat_VIRAT_S_050203_08_001686_001885_126s.png,0,0.39897769689559937,real
virat_VIRAT_S_050300_05_001272_001330_52s.png,0,0.4736110270023346,real
virat_VIRAT_S_050300_10_002176_002238_15s.png,0,0.49550649523735046,real
item_00000_cctv_T1_train_A.png,1,0.9999157190322876,fake
item_00001_cctv_T1_train_B.png,1,0.9997034668922424,fake
item_00002_cctv_T1_train_C.png,1,0.9999998807907104,fake
item_00003_cctv_T1_train_A.png,1,0.9973419308662415,fake
item_00004_cctv_T1_train_B.png,1,0.24487252533435822,fake
item_00005_cctv_T1_train_C.png,1,0.9999457597732544,fake
item_00006_cctv_T1_train_A.png,1,0.7876414060592651,fake
item_00007_cctv_T1_train_B.png,1,0.21252784132957458,fake
item_00008_cctv_T1_train_C.png,1,0.9999498128890991,fake
item_00009_cctv_T1_train_A.png,1,0.9999985694885254,fake
item_00010_cctv_T1_train_B.png,1,0.9239839315414429,fake
item_00011_cctv_T1_train_C.png,1,0.9999995231628418,fake
item_00012_cctv_T1_train_A.png,1,0.9985664486885071,fake
item_00013_cctv_T1_train_B.png,1,0.9853354692459106,fake
item_00014_cctv_T1_train_C.png,1,0.9975257515907288,fake
item_00015_cctv_T1_train_A.png,1,0.9953399896621704,fake
item_00016_cctv_T1_train_B.png,1,0.6826103329658508,fake
item_00017_cctv_T1_train_C.png,1,0.9999992847442627,fake
item_00018_cctv_T1_train_A.png,1,0.9947217702865601,fake
item_00019_cctv_T1_train_B.png,1,0.9975132942199707,fake
item_00020_cctv_T1_train_C.png,1,0.9999803304672241,fake
item_00021_cctv_T1_train_A.png,1,0.9985135197639465,fake
item_00022_cctv_T1_train_B.png,1,0.9150486588478088,fake
item_00023_cctv_T1_train_C.png,1,0.999988317489624,fake
item_00024_cctv_T1_train_A.png,1,0.9989486336708069,fake
item_00025_cctv_T1_train_B.png,1,0.9997370839118958,fake
item_00026_cctv_T1_train_C.png,1,0.9999616146087646,fake
item_00027_cctv_T1_train_A.png,1,0.9987107515335083,fake
item_00028_cctv_T1_train_B.png,1,0.9642663598060608,fake
item_00029_cctv_T1_train_C.png,1,0.9998262524604797,fake
item_00030_cctv_T1_train_A.png,1,0.9601315855979919,fake
item_00031_cctv_T1_train_B.png,1,0.38128989934921265,fake
item_00032_cctv_T1_train_C.png,1,0.9999951124191284,fake
item_00033_cctv_T1_train_A.png,1,0.9999072551727295,fake
item_00034_cctv_T1_train_B.png,1,0.961783766746521,fake
item_00035_cctv_T1_train_C.png,1,0.9999998807907104,fake
item_00036_cctv_T1_train_A.png,1,0.706083357334137,fake
item_00037_cctv_T1_train_B.png,1,0.6894973516464233,fake
item_00038_cctv_T1_train_C.png,1,0.9931461811065674,fake
item_00039_cctv_T1_train_A.png,1,0.9711461663246155,fake
item_00040_cctv_T1_train_B.png,1,0.9136784672737122,fake
item_00041_cctv_T1_train_C.png,1,0.9997574687004089,fake
item_00042_cctv_T1_train_A.png,1,0.9775550365447998,fake
item_00043_cctv_T1_train_B.png,1,0.650709867477417,fake
item_00044_cctv_T1_train_C.png,1,0.9996901750564575,fake
item_00045_cctv_T1_train_A.png,1,0.9984496831893921,fake
item_00046_cctv_T1_train_B.png,1,0.7958979606628418,fake
item_00047_cctv_T1_train_C.png,1,0.9998161196708679,fake
item_00048_cctv_T1_train_A.png,1,0.998488187789917,fake
item_00049_cctv_T1_train_B.png,1,0.9666711688041687,fake
item_00050_cctv_T1_train_C.png,1,0.9999405145645142,fake
item_00051_cctv_T1_train_A.png,1,0.8098161220550537,fake
item_00052_cctv_T1_train_B.png,1,0.9952458739280701,fake
item_00053_cctv_T1_train_C.png,1,0.9999001026153564,fake
item_00054_cctv_T1_train_A.png,1,0.9834864139556885,fake
item_00055_cctv_T1_train_B.png,1,0.991940975189209,fake
item_00056_cctv_T1_train_C.png,1,0.9999816417694092,fake
item_00057_cctv_T1_train_A.png,1,0.9997034668922424,fake
item_00058_cctv_T1_train_B.png,1,0.9166878461837769,fake
item_00059_cctv_T1_train_C.png,1,0.9999498128890991,fake
item_00060_cctv_T1_train_A.png,1,0.9998363256454468,fake
item_00061_cctv_T1_train_B.png,1,0.9953203797340393,fake
item_00063_cctv_T1_train_A.png,1,0.9998819828033447,fake
item_00064_cctv_T1_train_B.png,1,0.36534416675567627,fake
item_00065_cctv_T1_train_C.png,1,0.999984860420227,fake
item_00066_cctv_T1_train_A.png,1,0.9996026158332825,fake
item_00067_cctv_T1_train_B.png,1,0.32555368542671204,fake
item_00068_cctv_T1_train_C.png,1,0.9999550580978394,fake
item_00069_cctv_T1_train_A.png,1,0.9997385144233704,fake
item_00070_cctv_T1_train_B.png,1,0.7478790283203125,fake
item_00071_cctv_T1_train_C.png,1,0.9999983310699463,fake
item_00072_cctv_T1_train_A.png,1,0.9997616410255432,fake
item_00073_cctv_T1_train_B.png,1,0.999990701675415,fake
item_00074_cctv_T1_train_C.png,1,0.9999810457229614,fake
item_00075_cctv_T1_train_A.png,1,0.9999252557754517,fake
item_00076_cctv_T1_train_B.png,1,0.9864242672920227,fake
item_00077_cctv_T1_train_C.png,1,0.9998922348022461,fake
item_00078_cctv_T1_train_A.png,1,0.9820125102996826,fake
item_00079_cctv_T1_train_B.png,1,0.9753310680389404,fake
item_00080_cctv_T2_train_A.png,1,0.9821358323097229,fake
item_00081_cctv_T2_train_B.png,1,0.9810588955879211,fake
item_00082_cctv_T2_train_C.png,1,0.9999908208847046,fake
item_00083_cctv_T2_hero_Photoshop.png,1,0.006289076525717974,fake
item_00085_cctv_T2_train_C.png,1,0.9969663023948669,fake
item_00087_cctv_T2_train_B.png,1,0.9767325520515442,fake
item_00088_cctv_T2_train_C.png,1,0.9997438788414001,fake
item_00089_cctv_T2_train_A.png,1,0.9999102354049683,fake
item_00090_cctv_T2_train_B.png,1,0.9657958149909973,fake
item_00094_cctv_T2_train_C.png,1,0.9999345541000366,fake
item_00095_cctv_T2_train_A.png,1,0.9989388585090637,fake
item_00097_cctv_T2_train_C.png,1,0.9999300241470337,fake
item_00099_cctv_T2_train_B.png,1,0.9614782333374023,fake
item_00100_cctv_T2_train_B.png,1,0.883616030216217,fake
item_00101_cctv_T2_train_C.png,1,0.9999990463256836,fake
item_00102_cctv_T2_train_A.png,1,0.999927282333374,fake
item_00103_cctv_T2_hero_Photoshop.png,1,0.39566463232040405,fake
item_00104_cctv_T2_train_C.png,1,0.999815046787262,fake
item_00105_cctv_T2_train_A.png,1,0.9530357122421265,fake
item_00106_cctv_T2_train_B.png,1,0.9656297564506531,fake
item_00107_cctv_T2_train_C.png,1,0.9999908208847046,fake
item_00109_cctv_T2_train_B.png,1,0.651030957698822,fake
item_00111_cctv_T2_train_A.png,1,0.9714584946632385,fake
item_00112_cctv_T2_train_B.png,1,0.9798737168312073,fake
item_00113_cctv_T2_train_C.png,1,0.999998927116394,fake
item_00116_cctv_T2_train_C.png,1,0.9999990463256836,fake
item_00117_cctv_T2_train_A.png,1,0.8454771041870117,fake
item_00118_cctv_T2_train_B.png,1,0.979383647441864,fake
item_00119_cctv_T2_train_C.png,1,0.9999927282333374,fake
item_00120_cctv_T2_train_C.png,1,0.9841153621673584,fake
item_00121_cctv_T2_train_A.png,1,0.9995083808898926,fake
item_00123_cctv_T2_train_C.png,1,0.9990853071212769,fake
item_00124_cctv_T2_train_A.png,1,0.999659538269043,fake
item_00125_cctv_T2_train_B.png,1,0.9203289747238159,fake
item_00127_cctv_T2_train_A.png,1,0.9988440275192261,fake
item_00128_cctv_T2_train_B.png,1,0.8226708173751831,fake
item_00129_cctv_T2_train_C.png,1,0.999998927116394,fake
item_00130_cctv_T2_train_A.png,1,0.999927282333374,fake
item_00131_cctv_T2_train_B.png,1,0.546501100063324,fake
item_00132_cctv_T2_train_C.png,1,0.9999167919158936,fake
item_00134_cctv_T2_train_B.png,1,0.925049901008606,fake
item_00136_cctv_T2_train_A.png,1,0.9648365378379822,fake
item_00137_cctv_T2_train_B.png,1,0.8952822685241699,fake
item_00138_cctv_T2_train_C.png,1,0.9997016787528992,fake
item_00140_cctv_T2_train_A.png,1,0.7017576694488525,fake
item_00141_cctv_T2_train_B.png,1,0.699658989906311,fake
item_00142_cctv_T2_train_C.png,1,0.9992510676383972,fake
item_00144_cctv_T2_train_B.png,1,0.7454854249954224,fake
item_00145_cctv_T2_train_C.png,1,0.9999942779541016,fake
item_00146_cctv_T2_train_A.png,1,0.9999344348907471,fake
item_00147_cctv_T2_train_B.png,1,0.7917721271514893,fake
item_00148_cctv_T2_train_C.png,1,0.9999653100967407,fake
item_00149_cctv_T2_train_A.png,1,0.8874446749687195,fake
item_00150_cctv_T2_train_B.png,1,0.84196937084198,fake
item_00151_cctv_T2_train_C.png,1,0.999982476234436,fake
item_00152_cctv_T2_train_A.png,1,0.13043349981307983,fake
item_00153_cctv_T2_train_B.png,1,0.9509178996086121,fake
item_00155_cctv_T2_train_A.png,1,0.9996658563613892,fake
item_00156_cctv_T2_train_B.png,1,0.9950780868530273,fake
item_00157_cctv_T2_train_C.png,1,0.9999992847442627,fake
item_00158_cctv_T2_train_A.png,1,0.9986469149589539,fake
item_00159_cctv_T2_train_B.png,1,0.9823057055473328,fake
item_00160_cctv_T1_test_B.png,1,0.996100664138794,fake
item_00161_cctv_T1_test_C.png,1,0.9999762773513794,fake
item_00162_cctv_T1_test_A.png,1,0.9998019337654114,fake
item_00163_cctv_T1_test_B.png,1,0.8787352442741394,fake
item_00164_cctv_T1_test_C.png,1,0.999992847442627,fake
item_00165_cctv_T1_test_A.png,1,0.9990971088409424,fake
item_00166_cctv_T1_test_B.png,1,0.940973162651062,fake
item_00167_cctv_T1_test_C.png,1,0.9990094900131226,fake
item_00168_cctv_T1_test_A.png,1,0.8388359546661377,fake
item_00169_cctv_T1_test_B.png,1,0.850528359413147,fake
item_00170_cctv_T1_test_C.png,1,0.9987860321998596,fake
item_00171_cctv_T1_test_A.png,1,0.9915730953216553,fake
item_00172_cctv_T1_test_B.png,1,0.9832773804664612,fake
item_00173_cctv_T1_test_C.png,1,0.9999241828918457,fake
item_00174_cctv_T1_test_A.png,1,0.9359785914421082,fake
item_00175_cctv_T1_test_B.png,1,0.9592218399047852,fake
item_00176_cctv_T1_test_C.png,1,0.9999768733978271,fake
item_00177_cctv_T1_test_A.png,1,0.998195469379425,fake
item_00178_cctv_T1_test_B.png,1,0.8307070136070251,fake
item_00179_cctv_T1_test_C.png,1,0.9995325803756714,fake
item_00180_cctv_T1_test_A.png,1,0.9995492100715637,fake
item_00181_cctv_T1_test_B.png,1,0.9896036386489868,fake
item_00182_cctv_T1_test_C.png,1,0.9909534454345703,fake
item_00183_cctv_T1_test_A.png,1,0.9998656511306763,fake
item_00184_cctv_T1_test_B.png,1,0.9402980804443359,fake
item_00186_cctv_T1_test_A.png,1,0.9998154044151306,fake
item_00187_cctv_T1_test_B.png,1,0.5699397325515747,fake
item_00188_cctv_T1_test_C.png,1,0.9999997615814209,fake
item_00189_cctv_T1_test_A.png,1,0.9993026256561279,fake
item_00190_cctv_T1_test_B.png,1,0.3417660593986511,fake
item_00191_cctv_T1_test_C.png,1,0.9782519340515137,fake
item_00192_cctv_T1_test_A.png,1,0.998418927192688,fake
item_00193_cctv_T1_test_B.png,1,0.9974198341369629,fake
item_00194_cctv_T1_test_C.png,1,0.9999991655349731,fake
item_00195_cctv_T1_test_A.png,1,0.9978067278862,fake
item_00196_cctv_T1_test_B.png,1,0.9900181293487549,fake
item_00198_cctv_T1_test_A.png,1,0.9864341020584106,fake
item_00199_cctv_T1_test_B.png,1,0.6212384104728699,fake
item_00200_cctv_T2_test_B.png,1,0.9868430495262146,fake
item_00201_cctv_T2_test_C.png,1,0.9999991655349731,fake
item_00202_cctv_T2_test_A.png,1,0.999125063419342,fake
item_00203_cctv_T2_test_B.png,1,0.9113015532493591,fake
item_00204_cctv_T2_test_C.png,1,0.9998069405555725,fake
item_00205_cctv_T2_test_A.png,1,0.9998144507408142,fake
item_00206_cctv_T2_test_B.png,1,0.9551169872283936,fake
item_00207_cctv_T2_test_C.png,1,0.9999804496765137,fake
item_00208_cctv_T2_test_A.png,1,0.21992386877536774,fake
item_00209_cctv_T2_test_B.png,1,0.993959903717041,fake
item_00210_cctv_T2_test_C.png,1,0.9999923706054688,fake
item_00211_cctv_T2_test_A.png,1,0.9546297192573547,fake
item_00212_cctv_T2_test_B.png,1,0.2862446904182434,fake
item_00213_cctv_T2_test_C.png,1,0.9999951124191284,fake
item_00214_cctv_T2_test_A.png,1,0.9996827840805054,fake
item_00215_cctv_T2_test_B.png,1,0.9693837761878967,fake
item_00216_cctv_T2_test_C.png,1,0.9998844861984253,fake
item_00217_cctv_T2_test_A.png,1,0.9839863777160645,fake
item_00218_cctv_T2_test_B.png,1,0.5503914952278137,fake
item_00219_cctv_T2_test_C.png,1,0.9993115663528442,fake
item_00220_cctv_T2_test_A.png,1,0.999693751335144,fake
item_00221_cctv_T2_test_B.png,1,0.9093917608261108,fake
item_00222_cctv_T2_test_C.png,1,0.9991700649261475,fake
item_00223_cctv_T2_test_A.png,1,0.9825623035430908,fake
item_00224_cctv_T2_test_B.png,1,0.9998373985290527,fake
item_00225_cctv_T2_test_C.png,1,0.9999985694885254,fake
item_00226_cctv_T2_test_A.png,1,0.9687262177467346,fake
item_00227_cctv_T2_test_B.png,1,0.9956018924713135,fake
item_00228_cctv_T2_test_C.png,1,0.9998568296432495,fake
item_00229_cctv_T2_test_A.png,1,0.9993720650672913,fake
item_00230_cctv_T2_test_B.png,1,0.9366036057472229,fake
item_00231_cctv_T2_test_C.png,1,0.9999120235443115,fake
item_00232_cctv_T2_test_A.png,1,0.9998478889465332,fake
item_00233_cctv_T2_test_B.png,1,0.780940592288971,fake
item_00234_cctv_T2_test_C.png,1,0.9998424053192139,fake
item_00235_cctv_T2_test_A.png,1,0.015459987334907055,fake
item_00236_cctv_T2_test_B.png,1,0.9792765378952026,fake
item_00237_cctv_T2_test_C.png,1,0.9982946515083313,fake
item_00238_cctv_T2_test_A.png,1,0.1628909558057785,fake
item_00239_cctv_T2_test_B.png,1,0.7445055842399597,fake
item_00240_dashcam_T1_train_B.png,1,0.9643624424934387,fake
item_00242_dashcam_T1_train_A.png,1,0.9999148845672607,fake
item_00243_dashcam_T1_train_B.png,1,0.8123016953468323,fake
item_00245_dashcam_T1_train_A.png,1,0.9999982118606567,fake
item_00246_dashcam_T1_train_B.png,1,0.9918701648712158,fake
item_00247_dashcam_T1_train_C.png,1,0.9994319081306458,fake
item_00248_dashcam_T1_train_A.png,1,0.9690560102462769,fake
item_00249_dashcam_T1_train_B.png,1,0.9951401948928833,fake
item_00250_dashcam_T1_train_C.png,1,0.9997970461845398,fake
item_00251_dashcam_T1_train_A.png,1,0.9999759197235107,fake
item_00252_dashcam_T1_train_B.png,1,0.9528979063034058,fake
item_00254_dashcam_T1_train_A.png,1,0.6603429913520813,fake
item_00255_dashcam_T1_train_B.png,1,0.9932721257209778,fake
item_00256_dashcam_T1_train_C.png,1,0.9999977350234985,fake
item_00257_dashcam_T1_train_A.png,1,0.9999656677246094,fake
item_00258_dashcam_T1_train_B.png,1,0.982852041721344,fake
item_00259_dashcam_T1_train_C.png,1,1.0,fake
item_00260_dashcam_T1_train_A.png,1,0.9976142644882202,fake
item_00261_dashcam_T1_train_B.png,1,0.960760772228241,fake
item_00263_dashcam_T1_train_A.png,1,0.9985870122909546,fake
item_00264_dashcam_T1_train_B.png,1,0.46030351519584656,fake
item_00265_dashcam_T1_train_C.png,1,0.9999686479568481,fake
item_00266_dashcam_T1_train_A.png,1,0.9783909916877747,fake
item_00268_dashcam_T1_train_C.png,1,0.9989567995071411,fake
item_00269_dashcam_T1_train_A.png,1,0.9990992546081543,fake
item_00270_dashcam_T1_train_B.png,1,0.8410246968269348,fake
item_00271_dashcam_T1_train_C.png,1,1.0,fake
item_00272_dashcam_T1_train_A.png,1,0.9998630285263062,fake
item_00273_dashcam_T1_train_B.png,1,0.1671634167432785,fake
item_00274_dashcam_T1_train_C.png,1,1.0,fake
item_00275_dashcam_T1_train_A.png,1,0.8638080358505249,fake
item_00276_dashcam_T1_train_B.png,1,0.7339332699775696,fake
item_00277_dashcam_T1_train_C.png,1,0.9999992847442627,fake
item_00278_dashcam_T1_train_A.png,1,0.999543309211731,fake
item_00279_dashcam_T1_train_B.png,1,0.8422989249229431,fake
item_00280_dashcam_T1_train_C.png,1,1.0,fake
item_00281_dashcam_T1_train_A.png,1,0.9993175268173218,fake
item_00282_dashcam_T1_train_B.png,1,0.9916484355926514,fake
item_00283_dashcam_T1_train_C.png,1,0.9999985694885254,fake
item_00284_dashcam_T1_train_A.png,1,0.9971780776977539,fake
item_00285_dashcam_T1_train_B.png,1,0.9578332901000977,fake
item_00286_dashcam_T1_train_C.png,1,0.9999967813491821,fake
item_00287_dashcam_T1_train_A.png,1,0.9998407363891602,fake
item_00288_dashcam_T1_train_B.png,1,0.9014595746994019,fake
item_00289_dashcam_T1_train_C.png,1,0.9999233484268188,fake
item_00290_dashcam_T1_train_A.png,1,0.9998500347137451,fake
item_00291_dashcam_T1_train_B.png,1,0.06799226999282837,fake
item_00292_dashcam_T1_train_C.png,1,0.9999998807907104,fake
item_00293_dashcam_T1_train_A.png,1,0.9999934434890747,fake
item_00294_dashcam_T1_train_B.png,1,9.059818694368005e-05,fake
item_00295_dashcam_T1_train_C.png,1,0.9999939203262329,fake
item_00296_dashcam_T1_train_A.png,1,0.86733478307724,fake
item_00297_dashcam_T1_train_B.png,1,0.8774054050445557,fake
item_00298_dashcam_T1_train_C.png,1,0.999305248260498,fake
item_00299_dashcam_T1_train_A.png,1,0.9993804693222046,fake
item_00300_dashcam_T1_train_B.png,1,0.9916927814483643,fake
item_00301_dashcam_T1_train_C.png,1,0.999975323677063,fake
item_00302_dashcam_T1_train_A.png,1,0.9991962313652039,fake
item_00303_dashcam_T1_train_B.png,1,0.9940069913864136,fake
item_00304_dashcam_T1_train_C.png,1,0.9999992847442627,fake
item_00305_dashcam_T1_train_A.png,1,0.9999381303787231,fake
item_00306_dashcam_T1_train_B.png,1,0.8884714245796204,fake
item_00307_dashcam_T1_train_C.png,1,1.0,fake
item_00308_dashcam_T1_train_A.png,1,0.9992120265960693,fake
item_00309_dashcam_T1_train_B.png,1,0.910808801651001,fake
item_00310_dashcam_T1_train_C.png,1,0.9999492168426514,fake
item_00311_dashcam_T1_train_A.png,1,0.9999974966049194,fake
item_00312_dashcam_T1_train_B.png,1,0.3053722679615021,fake
item_00313_dashcam_T1_train_C.png,1,1.0,fake
item_00314_dashcam_T1_train_A.png,1,0.9998977184295654,fake
item_00316_dashcam_T1_train_C.png,1,0.9999964237213135,fake
item_00317_dashcam_T1_train_A.png,1,0.9978343844413757,fake
item_00318_dashcam_T1_train_B.png,1,0.6064106822013855,fake
item_00319_dashcam_T1_train_C.png,1,1.0,fake
item_00320_dashcam_T2_hero_Photoshop.png,1,0.037631865590810776,fake
item_00322_dashcam_T2_hero_ChatGPT.png,1,0.9111794829368591,fake
item_00328_dashcam_T2_hero_ChatGPT.png,1,0.9999053478240967,fake
item_00338_dashcam_T2_hero_ChatGPT.png,1,0.9997655749320984,fake
item_00339_dashcam_T2_hero_ChatGPT.png,1,0.9804004430770874,fake
item_00340_dashcam_T2_train_C.png,1,0.9999998807907104,fake
item_00341_dashcam_T2_train_A.png,1,0.9992896318435669,fake
item_00343_dashcam_T2_train_C.png,1,0.9999995231628418,fake
item_00344_dashcam_T2_train_A.png,1,0.9963911175727844,fake
item_00346_dashcam_T2_train_C.png,1,0.9999945163726807,fake
item_00347_dashcam_T2_train_A.png,1,0.8087451457977295,fake
item_00348_dashcam_T2_train_B.png,1,0.9988962411880493,fake
item_00350_dashcam_T2_train_A.png,1,0.9998599290847778,fake
item_00351_dashcam_T2_train_B.png,1,0.6281273365020752,fake
item_00352_dashcam_T2_train_C.png,1,0.9999970197677612,fake
item_00353_dashcam_T2_train_A.png,1,0.9181022047996521,fake
item_00354_dashcam_T2_train_B.png,1,0.9502338171005249,fake
item_00355_dashcam_T2_train_C.png,1,0.9999822378158569,fake
item_00356_dashcam_T2_train_A.png,1,0.9999537467956543,fake
item_00357_dashcam_T2_train_B.png,1,0.9480210542678833,fake
item_00358_dashcam_T2_train_C.png,1,0.9996066689491272,fake
item_00359_dashcam_T2_train_A.png,1,0.999273955821991,fake
item_00360_dashcam_T2_train_A.png,1,0.9960123300552368,fake
item_00361_dashcam_T2_train_B.png,1,0.8372566103935242,fake
item_00362_dashcam_T2_train_C.png,1,0.9999741315841675,fake
item_00363_dashcam_T2_train_A.png,1,0.9986737966537476,fake
item_00364_dashcam_T2_train_B.png,1,0.7673819065093994,fake
item_00365_dashcam_T2_train_C.png,1,0.9999994039535522,fake
item_00366_dashcam_T2_train_A.png,1,0.9960651993751526,fake
item_00367_dashcam_T2_train_B.png,1,0.9937357902526855,fake
item_00368_dashcam_T2_train_C.png,1,0.9998408555984497,fake
item_00369_dashcam_T2_train_A.png,1,0.7603074312210083,fake
item_00370_dashcam_T2_train_B.png,1,0.948917806148529,fake
item_00371_dashcam_T2_train_C.png,1,0.9998032450675964,fake
item_00372_dashcam_T2_train_A.png,1,0.9999842643737793,fake
item_00373_dashcam_T2_train_B.png,1,0.9886043071746826,fake
item_00374_dashcam_T2_train_C.png,1,0.9968634843826294,fake
item_00375_dashcam_T2_train_A.png,1,0.9995493292808533,fake
item_00376_dashcam_T2_train_B.png,1,0.3985091745853424,fake
item_00377_dashcam_T2_train_C.png,1,0.9999997615814209,fake
item_00378_dashcam_T2_train_A.png,1,0.8585590720176697,fake
item_00379_dashcam_T2_train_B.png,1,0.9841665029525757,fake
item_00380_dashcam_T2_train_B.png,1,0.9077807664871216,fake
item_00382_dashcam_T2_train_A.png,1,0.9985648989677429,fake
item_00383_dashcam_T2_train_B.png,1,0.9399896860122681,fake
item_00384_dashcam_T2_train_C.png,1,0.9999988079071045,fake
item_00385_dashcam_T2_train_A.png,1,0.9872883558273315,fake
item_00386_dashcam_T2_train_B.png,1,0.9202594757080078,fake
item_00388_dashcam_T2_train_A.png,1,0.9999409914016724,fake
item_00389_dashcam_T2_train_B.png,1,0.8813008069992065,fake
item_00391_dashcam_T2_train_A.png,1,0.9999814033508301,fake
item_00392_dashcam_T2_train_B.png,1,0.9559422135353088,fake
item_00393_dashcam_T2_train_C.png,1,1.0,fake
item_00394_dashcam_T2_train_A.png,1,0.9995248317718506,fake
item_00395_dashcam_T2_train_B.png,1,0.9878684878349304,fake
item_00396_dashcam_T2_train_C.png,1,0.9999939203262329,fake
item_00397_dashcam_T2_train_A.png,1,0.9999829530715942,fake
item_00398_dashcam_T2_train_B.png,1,0.3716653883457184,fake
item_00399_dashcam_T2_train_C.png,1,0.9999806880950928,fake
item_00400_dashcam_T1_test_C.png,1,0.9998928308486938,fake
item_00401_dashcam_T1_test_A.png,1,0.9999252557754517,fake
item_00402_dashcam_T1_test_B.png,1,0.16815835237503052,fake
item_00403_dashcam_T1_test_C.png,1,0.9994051456451416,fake
item_00404_dashcam_T1_test_A.png,1,0.9995347261428833,fake
item_00406_dashcam_T1_test_C.png,1,0.9999947547912598,fake
item_00407_dashcam_T1_test_A.png,1,0.9998337030410767,fake
item_00408_dashcam_T1_test_B.png,1,0.8700330257415771,fake
item_00409_dashcam_T1_test_C.png,1,0.999982476234436,fake
item_00410_dashcam_T1_test_A.png,1,0.9999791383743286,fake
item_00411_dashcam_T1_test_B.png,1,0.9728509783744812,fake
item_00412_dashcam_T1_test_C.png,1,0.9999192953109741,fake
item_00413_dashcam_T1_test_A.png,1,0.9991720914840698,fake
item_00414_dashcam_T1_test_B.png,1,0.9982095956802368,fake
item_00415_dashcam_T1_test_C.png,1,0.9999998807907104,fake
item_00416_dashcam_T1_test_A.png,1,0.9999911785125732,fake
item_00417_dashcam_T1_test_B.png,1,0.8402665853500366,fake
item_00418_dashcam_T1_test_C.png,1,0.9990523457527161,fake
item_00419_dashcam_T1_test_A.png,1,0.9999313354492188,fake
item_00420_dashcam_T1_test_B.png,1,0.9223244190216064,fake
item_00421_dashcam_T1_test_C.png,1,0.999963641166687,fake
item_00422_dashcam_T1_test_A.png,1,0.9991651773452759,fake
item_00423_dashcam_T1_test_B.png,1,0.9647994637489319,fake
item_00424_dashcam_T1_test_C.png,1,1.0,fake
item_00425_dashcam_T1_test_A.png,1,0.9999896287918091,fake
item_00426_dashcam_T1_test_B.png,1,0.8205091953277588,fake
item_00427_dashcam_T1_test_C.png,1,0.9999992847442627,fake
item_00428_dashcam_T1_test_A.png,1,0.99772709608078,fake
item_00429_dashcam_T1_test_B.png,1,0.970672070980072,fake
item_00430_dashcam_T1_test_C.png,1,0.9999977350234985,fake
item_00431_dashcam_T1_test_A.png,1,0.999790608882904,fake
item_00432_dashcam_T1_test_B.png,1,0.9373012185096741,fake
item_00433_dashcam_T1_test_C.png,1,0.9993184804916382,fake
item_00434_dashcam_T1_test_A.png,1,0.9994696974754333,fake
item_00436_dashcam_T1_test_C.png,1,0.9999996423721313,fake
item_00437_dashcam_T1_test_A.png,1,0.999985933303833,fake
item_00438_dashcam_T1_test_B.png,1,0.6935197710990906,fake
item_00439_dashcam_T1_test_C.png,1,1.0,fake
item_00440_dashcam_T2_test_C.png,1,0.9999998807907104,fake
item_00441_dashcam_T2_test_A.png,1,0.9999382495880127,fake
item_00442_dashcam_T2_test_B.png,1,0.9939992427825928,fake
item_00443_dashcam_T2_test_C.png,1,0.999991774559021,fake
item_00444_dashcam_T2_test_A.png,1,0.9997867941856384,fake
item_00445_dashcam_T2_test_B.png,1,0.5413265824317932,fake
item_00446_dashcam_T2_test_C.png,1,0.9999974966049194,fake
item_00447_dashcam_T2_test_A.png,1,0.9995703101158142,fake
item_00448_dashcam_T2_test_B.png,1,0.9580839276313782,fake
item_00450_dashcam_T2_test_A.png,1,0.9709256291389465,fake
item_00451_dashcam_T2_test_B.png,1,0.7181800007820129,fake
item_00452_dashcam_T2_test_C.png,1,1.0,fake
item_00453_dashcam_T2_test_A.png,1,0.9999743700027466,fake
item_00454_dashcam_T2_test_B.png,1,0.4872472286224365,fake
item_00455_dashcam_T2_test_C.png,1,0.9999980926513672,fake
item_00456_dashcam_T2_test_A.png,1,0.9997116923332214,fake
item_00457_dashcam_T2_test_B.png,1,0.994299054145813,fake
item_00458_dashcam_T2_test_C.png,1,0.9999406337738037,fake
item_00459_dashcam_T2_test_A.png,1,0.9912493228912354,fake
item_00460_dashcam_T2_test_B.png,1,0.9759185910224915,fake
item_00461_dashcam_T2_test_C.png,1,0.9999829530715942,fake
item_00462_dashcam_T2_test_A.png,1,0.998420238494873,fake
item_00463_dashcam_T2_test_B.png,1,0.8616275787353516,fake
item_00464_dashcam_T2_test_C.png,1,0.999775230884552,fake
item_00465_dashcam_T2_test_A.png,1,0.9952399730682373,fake
item_00466_dashcam_T2_test_B.png,1,0.9828076362609863,fake
item_00467_dashcam_T2_test_C.png,1,0.9999996423721313,fake
item_00468_dashcam_T2_test_A.png,1,0.9997047781944275,fake
item_00469_dashcam_T2_test_B.png,1,0.7424739599227905,fake
item_00470_dashcam_T2_test_C.png,1,0.9999725818634033,fake
item_00471_dashcam_T2_test_A.png,1,0.9996846914291382,fake
item_00472_dashcam_T2_test_B.png,1,0.9913963675498962,fake
item_00473_dashcam_T2_test_C.png,1,0.9999995231628418,fake
item_00474_dashcam_T2_test_A.png,1,0.9999827146530151,fake
item_00475_dashcam_T2_test_B.png,1,0.9950571060180664,fake
item_00476_dashcam_T2_test_C.png,1,1.0,fake
item_00477_dashcam_T2_test_A.png,1,0.9997246861457825,fake
item_00478_dashcam_T2_test_B.png,1,0.996631920337677,fake
item_00479_dashcam_T2_test_C.png,1,0.9999175071716309,fake
item_00480_phone_T1_train_C.png,1,0.9987149238586426,fake
item_00481_phone_T1_train_A.png,1,0.998542070388794,fake
item_00482_phone_T1_train_B.png,1,0.6723057627677917,fake
item_00483_phone_T1_train_C.png,1,0.9999585151672363,fake
item_00484_phone_T1_train_A.png,1,0.9996302127838135,fake
item_00485_phone_T1_train_B.png,1,0.968529999256134,fake
item_00486_phone_T1_train_C.png,1,0.9999990463256836,fake
item_00487_phone_T1_train_A.png,1,0.9726725220680237,fake
item_00488_phone_T1_train_B.png,1,0.9342129230499268,fake
item_00489_phone_T1_train_C.png,1,0.9991351962089539,fake
item_00490_phone_T1_train_A.png,1,0.9998912811279297,fake
item_00491_phone_T1_train_B.png,1,0.8922580480575562,fake
item_00492_phone_T1_train_C.png,1,0.9999432563781738,fake
item_00493_phone_T1_train_A.png,1,0.9998956918716431,fake
item_00494_phone_T1_train_B.png,1,0.7498968839645386,fake
item_00495_phone_T1_train_C.png,1,0.9999986886978149,fake
item_00496_phone_T1_train_A.png,1,0.9993805885314941,fake
item_00497_phone_T1_train_B.png,1,0.9789316058158875,fake
item_00498_phone_T1_train_C.png,1,0.9999896287918091,fake
item_00499_phone_T1_train_A.png,1,0.9949213862419128,fake
item_00500_phone_T1_train_B.png,1,0.9989140033721924,fake
item_00501_phone_T1_train_C.png,1,0.9999862909317017,fake
item_00502_phone_T1_train_A.png,1,0.9998546838760376,fake
item_00503_phone_T1_train_B.png,1,0.22834505140781403,fake
item_00504_phone_T1_train_C.png,1,0.9998192191123962,fake
item_00505_phone_T1_train_A.png,1,0.9937843084335327,fake
item_00506_phone_T1_train_B.png,1,0.9122923016548157,fake
item_00507_phone_T1_train_C.png,1,0.9987244009971619,fake
item_00508_phone_T1_train_A.png,1,0.9999997615814209,fake
item_00509_phone_T1_train_B.png,1,0.7841767072677612,fake
item_00510_phone_T1_train_C.png,1,0.9993020296096802,fake
item_00511_phone_T1_train_A.png,1,0.9998437166213989,fake
item_00512_phone_T1_train_B.png,1,0.9780465960502625,fake
item_00513_phone_T1_train_C.png,1,0.9992730021476746,fake
item_00514_phone_T1_train_A.png,1,0.8165590763092041,fake
item_00515_phone_T1_train_B.png,1,0.32557412981987,fake
item_00516_phone_T1_train_C.png,1,1.0,fake
item_00517_phone_T1_train_A.png,1,0.9997684359550476,fake
item_00518_phone_T1_train_B.png,1,0.15167385339736938,fake
item_00519_phone_T1_train_C.png,1,0.9999709129333496,fake
item_00520_phone_T1_train_A.png,1,0.9999909400939941,fake
item_00521_phone_T1_train_B.png,1,0.9366136789321899,fake
item_00522_phone_T1_train_C.png,1,0.9999997615814209,fake
item_00523_phone_T1_train_A.png,1,0.9981076717376709,fake
item_00524_phone_T1_train_B.png,1,0.9633615016937256,fake
item_00525_phone_T1_train_C.png,1,0.9999580383300781,fake
item_00526_phone_T1_train_A.png,1,0.743141770362854,fake
item_00527_phone_T1_train_B.png,1,0.9117695689201355,fake
item_00528_phone_T1_train_C.png,1,0.9985687732696533,fake
item_00529_phone_T1_train_A.png,1,0.9982978701591492,fake
item_00530_phone_T1_train_B.png,1,0.5952624082565308,fake
item_00531_phone_T1_train_C.png,1,0.999992847442627,fake
item_00532_phone_T1_train_A.png,1,0.9833468198776245,fake
item_00533_phone_T1_train_B.png,1,0.9496070146560669,fake
item_00534_phone_T1_train_C.png,1,0.9999997615814209,fake
item_00535_phone_T1_train_A.png,1,0.9608564376831055,fake
item_00536_phone_T1_train_B.png,1,0.09805537015199661,fake
item_00537_phone_T1_train_C.png,1,0.9998705387115479,fake
item_00538_phone_T1_train_A.png,1,0.9986516833305359,fake
item_00539_phone_T1_train_B.png,1,0.4080296456813812,fake
item_00540_phone_T1_train_C.png,1,0.9999994039535522,fake
item_00541_phone_T1_train_A.png,1,0.9525980353355408,fake
item_00542_phone_T1_train_B.png,1,0.554034948348999,fake
item_00543_phone_T1_train_C.png,1,0.9997796416282654,fake
item_00544_phone_T1_train_A.png,1,0.9999525547027588,fake
item_00545_phone_T1_train_B.png,1,0.9447440505027771,fake
item_00546_phone_T1_train_C.png,1,0.9944601058959961,fake
item_00547_phone_T1_train_A.png,1,0.9929372668266296,fake
item_00548_phone_T1_train_B.png,1,0.616905689239502,fake
item_00549_phone_T1_train_C.png,1,0.9998511075973511,fake
item_00550_phone_T1_train_A.png,1,0.935529351234436,fake
item_00551_phone_T1_train_B.png,1,0.9770195484161377,fake
item_00552_phone_T1_train_C.png,1,0.9999723434448242,fake
item_00553_phone_T1_train_A.png,1,0.9985505938529968,fake
item_00554_phone_T1_train_B.png,1,0.7222529649734497,fake
item_00555_phone_T1_train_C.png,1,0.9999986886978149,fake
item_00556_phone_T1_train_A.png,1,0.9998990297317505,fake
item_00557_phone_T1_train_B.png,1,0.04383212327957153,fake
item_00558_phone_T1_train_C.png,1,0.9998680353164673,fake
item_00559_phone_T1_train_A.png,1,0.9990993738174438,fake
item_00561_phone_T2_hero_ChatGPT.png,1,0.43067532777786255,fake
item_00564_phone_T2_train_A.png,1,0.9935124516487122,fake
item_00567_phone_T2_train_A.png,1,0.9999228715896606,fake
item_00568_phone_T2_train_B.png,1,0.7044147253036499,fake
item_00569_phone_T2_train_C.png,1,0.9999616146087646,fake
item_00572_phone_T2_train_C.png,1,0.9999896287918091,fake
item_00576_phone_T2_train_A.png,1,0.913943350315094,fake
item_00577_phone_T2_train_B.png,1,0.9832298159599304,fake
item_00579_phone_T2_train_A.png,1,0.9998106360435486,fake
item_00580_phone_T2_train_A.png,1,0.9935185313224792,fake
item_00581_phone_T2_train_B.png,1,0.8497667908668518,fake
item_00582_phone_T2_train_C.png,1,0.9999884366989136,fake
item_00583_phone_T2_train_A.png,1,0.9999240636825562,fake
item_00585_phone_T2_train_C.png,1,0.9999642372131348,fake
item_00586_phone_T2_train_A.png,1,0.7696641683578491,fake
item_00587_phone_T2_train_B.png,1,0.961689293384552,fake
item_00588_phone_T2_train_C.png,1,0.999584972858429,fake
item_00589_phone_T2_train_A.png,1,0.992409348487854,fake
item_00590_phone_T2_train_B.png,1,0.9768881797790527,fake
item_00591_phone_T2_train_C.png,1,0.999993085861206,fake
item_00592_phone_T2_train_A.png,1,0.9981768131256104,fake
item_00593_phone_T2_train_B.png,1,0.9750601053237915,fake
item_00594_phone_T2_train_C.png,1,0.9999790191650391,fake
item_00595_phone_T2_train_A.png,1,0.9565597176551819,fake
item_00596_phone_T2_train_B.png,1,0.9846057891845703,fake
item_00597_phone_T2_train_C.png,1,0.9999955892562866,fake
item_00598_phone_T2_train_A.png,1,0.9966936111450195,fake
item_00599_phone_T2_train_B.png,1,0.8310309052467346,fake
item_00600_phone_T2_train_B.png,1,0.9825026988983154,fake
item_00601_phone_T2_train_C.png,1,0.9999771118164062,fake
item_00602_phone_T2_train_A.png,1,0.9983463287353516,fake
item_00603_phone_T2_train_B.png,1,0.9322484135627747,fake
item_00604_phone_T2_train_C.png,1,0.9977091550827026,fake
item_00605_phone_T2_train_A.png,1,0.8940287232398987,fake
item_00608_phone_T2_train_A.png,1,0.9999234676361084,fake
item_00609_phone_T2_train_B.png,1,0.13567498326301575,fake
item_00610_phone_T2_train_C.png,1,0.9999998807907104,fake
item_00611_phone_T2_train_A.png,1,0.9979293346405029,fake
item_00612_phone_T2_train_B.png,1,0.988564133644104,fake
item_00613_phone_T2_train_C.png,1,0.9993170499801636,fake
item_00614_phone_T2_train_A.png,1,0.9998168349266052,fake
item_00615_phone_T2_train_B.png,1,0.4632045328617096,fake
item_00616_phone_T2_train_C.png,1,0.9998987913131714,fake
item_00617_phone_T2_train_A.png,1,0.964469313621521,fake
item_00618_phone_T2_train_B.png,1,5.4473675845656544e-05,fake
item_00619_phone_T2_train_C.png,1,0.9999949932098389,fake
item_00620_phone_T2_train_C.png,1,0.9999867677688599,fake
item_00621_phone_T2_train_A.png,1,0.9925476908683777,fake
item_00623_phone_T2_train_C.png,1,0.9999781847000122,fake
item_00624_phone_T2_train_A.png,1,0.9987139701843262,fake
item_00627_phone_T2_train_A.png,1,0.9854748249053955,fake
item_00628_phone_T2_train_B.png,1,0.9681596755981445,fake
item_00630_phone_T2_train_A.png,1,0.9991441965103149,fake
item_00631_phone_T2_train_B.png,1,0.9445585012435913,fake
item_00632_phone_T2_train_C.png,1,0.9999783039093018,fake
item_00633_phone_T2_train_A.png,1,0.9751613736152649,fake
item_00634_phone_T2_train_B.png,1,0.42026910185813904,fake
item_00635_phone_T2_train_C.png,1,0.9999942779541016,fake
item_00636_phone_T2_train_A.png,1,0.9671550989151001,fake
item_00638_phone_T2_train_C.png,1,0.9917830228805542,fake
item_00639_phone_T2_train_A.png,1,0.9962866306304932,fake
item_00640_phone_T1_test_A.png,1,0.9704827070236206,fake
item_00641_phone_T1_test_B.png,1,0.6337957978248596,fake
item_00642_phone_T1_test_C.png,1,0.9882221817970276,fake
item_00643_phone_T1_test_A.png,1,0.9999415874481201,fake
item_00644_phone_T1_test_B.png,1,0.5070774555206299,fake
item_00645_phone_T1_test_C.png,1,0.9994415640830994,fake
item_00646_phone_T1_test_A.png,1,0.14602620899677277,fake
item_00647_phone_T1_test_B.png,1,0.3846063017845154,fake
item_00648_phone_T1_test_C.png,1,0.999994158744812,fake
item_00649_phone_T1_test_A.png,1,0.9999974966049194,fake
item_00650_phone_T1_test_B.png,1,0.9927127957344055,fake
item_00651_phone_T1_test_C.png,1,0.9999771118164062,fake
item_00652_phone_T1_test_A.png,1,0.9999997615814209,fake
item_00653_phone_T1_test_B.png,1,0.9989185333251953,fake
item_00654_phone_T1_test_C.png,1,0.9995934367179871,fake
item_00655_phone_T1_test_A.png,1,0.9996781349182129,fake
item_00656_phone_T1_test_B.png,1,0.8284724354743958,fake
item_00657_phone_T1_test_C.png,1,0.9999464750289917,fake
item_00658_phone_T1_test_A.png,1,0.9989514350891113,fake
item_00659_phone_T1_test_B.png,1,0.1438664346933365,fake
item_00660_phone_T1_test_C.png,1,0.9999983310699463,fake
item_00661_phone_T1_test_A.png,1,0.999957799911499,fake
item_00662_phone_T1_test_B.png,1,0.9843087792396545,fake
item_00663_phone_T1_test_C.png,1,0.9951560497283936,fake
item_00664_phone_T1_test_A.png,1,0.9875878691673279,fake
item_00665_phone_T1_test_B.png,1,0.9958180785179138,fake
item_00666_phone_T1_test_C.png,1,0.9999912977218628,fake
item_00667_phone_T1_test_A.png,1,0.9967634677886963,fake
item_00668_phone_T1_test_B.png,1,0.7975987195968628,fake
item_00669_phone_T1_test_C.png,1,0.999994158744812,fake
item_00670_phone_T1_test_A.png,1,0.6346936225891113,fake
item_00671_phone_T1_test_B.png,1,0.980492889881134,fake
item_00672_phone_T1_test_C.png,1,0.9999898672103882,fake
item_00673_phone_T1_test_A.png,1,0.9997733235359192,fake
item_00674_phone_T1_test_B.png,1,0.8824778199195862,fake
item_00675_phone_T1_test_C.png,1,1.0,fake
item_00676_phone_T1_test_A.png,1,0.956317663192749,fake
item_00677_phone_T1_test_B.png,1,0.8718689680099487,fake
item_00678_phone_T1_test_C.png,1,0.9999908208847046,fake
item_00679_phone_T1_test_A.png,1,0.9395528435707092,fake
item_00680_phone_T2_test_A.png,1,0.5541639924049377,fake
item_00681_phone_T2_test_B.png,1,0.17342637479305267,fake
item_00682_phone_T2_test_C.png,1,0.999963641166687,fake
item_00683_phone_T2_test_A.png,1,0.9919588565826416,fake
item_00684_phone_T2_test_B.png,1,0.8650773763656616,fake
item_00685_phone_T2_test_C.png,1,0.9995107650756836,fake
item_00686_phone_T2_test_A.png,1,0.999369204044342,fake
item_00687_phone_T2_test_B.png,1,0.9840630292892456,fake
item_00688_phone_T2_test_C.png,1,0.9977003931999207,fake
item_00689_phone_T2_test_A.png,1,0.9940409064292908,fake
item_00690_phone_T2_test_B.png,1,0.9994471669197083,fake
item_00691_phone_T2_test_C.png,1,0.9999573230743408,fake
item_00692_phone_T2_test_A.png,1,0.9991550445556641,fake
item_00693_phone_T2_test_B.png,1,0.6047069430351257,fake
item_00694_phone_T2_test_C.png,1,0.9999756813049316,fake
item_00695_phone_T2_test_A.png,1,0.9990260601043701,fake
item_00696_phone_T2_test_B.png,1,0.815987229347229,fake
item_00697_phone_T2_test_C.png,1,0.9999852180480957,fake
item_00698_phone_T2_test_A.png,1,0.9988682270050049,fake
item_00699_phone_T2_test_B.png,1,0.6967665553092957,fake
item_00700_phone_T2_test_C.png,1,0.9999791383743286,fake
item_00701_phone_T2_test_A.png,1,0.9999809265136719,fake
item_00702_phone_T2_test_B.png,1,0.1676480919122696,fake
item_00703_phone_T2_test_C.png,1,0.9989362359046936,fake
item_00704_phone_T2_test_A.png,1,0.9839367866516113,fake
item_00705_phone_T2_test_B.png,1,0.9592612385749817,fake
item_00706_phone_T2_test_C.png,1,0.9987472295761108,fake
item_00707_phone_T2_test_A.png,1,0.9933711290359497,fake
item_00708_phone_T2_test_B.png,1,0.898472785949707,fake
item_00709_phone_T2_test_C.png,1,0.999518871307373,fake
item_00710_phone_T2_test_A.png,1,0.9995893836021423,fake
item_00711_phone_T2_test_B.png,1,0.9259475469589233,fake
item_00712_phone_T2_test_C.png,1,0.9937997460365295,fake
item_00713_phone_T2_test_A.png,1,0.9187441468238831,fake
item_00714_phone_T2_test_B.png,1,0.6774377226829529,fake
item_00715_phone_T2_test_C.png,1,0.9999068975448608,fake
item_00716_phone_T2_test_A.png,1,0.9986758828163147,fake
item_00717_phone_T2_test_B.png,1,0.8058883547782898,fake
item_00718_phone_T2_test_C.png,1,0.9729202389717102,fake
item_00719_phone_T2_test_A.png,1,0.9985424280166626,fake
item_00720_cctv_T3_train_A.png,1,0.9997054934501648,fake
item_00721_cctv_T3_train_A.png,1,0.9974364638328552,fake
item_00722_cctv_T3_train_A.png,1,0.9993120431900024,fake
item_00723_cctv_T3_train_A.png,1,0.9859090447425842,fake
item_00724_cctv_T3_train_A.png,1,0.9998106360435486,fake
item_00725_cctv_T3_train_A.png,1,0.9997977614402771,fake
item_00726_cctv_T3_train_A.png,1,0.35588982701301575,fake
item_00727_cctv_T3_train_A.png,1,0.9993498921394348,fake
item_00728_cctv_T3_train_A.png,1,0.9786252379417419,fake
item_00729_cctv_T3_train_A.png,1,0.9976420998573303,fake
item_00730_cctv_T3_train_A.png,1,0.9999940395355225,fake
item_00731_cctv_T3_train_A.png,1,0.997307300567627,fake
item_00732_cctv_T3_train_A.png,1,0.9870501756668091,fake
item_00733_cctv_T3_train_A.png,1,0.9980291724205017,fake
item_00734_cctv_T3_train_A.png,1,0.9980151653289795,fake
item_00735_cctv_T3_train_B.png,1,0.971660315990448,fake
item_00736_cctv_T3_train_B.png,1,0.0019297475228086114,fake
item_00737_cctv_T3_train_B.png,1,0.9256219267845154,fake
item_00738_cctv_T3_train_B.png,1,0.027161071076989174,fake
item_00739_cctv_T3_train_B.png,1,0.006667854264378548,fake
item_00740_cctv_T3_train_B.png,1,0.0619431734085083,fake
item_00741_cctv_T3_train_B.png,1,0.21914798021316528,fake
item_00742_cctv_T3_train_B.png,1,0.8143931031227112,fake
item_00743_cctv_T3_train_B.png,1,0.5618784427642822,fake
item_00744_cctv_T3_train_B.png,1,0.28933900594711304,fake
item_00745_cctv_T3_train_B.png,1,0.9599658846855164,fake
item_00746_cctv_T3_train_B.png,1,0.6337077617645264,fake
item_00747_cctv_T3_train_B.png,1,0.7188560962677002,fake
item_00748_cctv_T3_train_B.png,1,0.9739909172058105,fake
item_00749_cctv_T3_train_B.png,1,0.9922033548355103,fake
item_00750_cctv_T3_train_C.png,1,0.999996542930603,fake
item_00751_cctv_T3_train_C.png,1,0.9999703168869019,fake
item_00752_cctv_T3_train_C.png,1,0.9996084570884705,fake
item_00753_cctv_T3_train_C.png,1,0.9996875524520874,fake
item_00754_cctv_T3_train_C.png,1,1.0,fake
item_00755_cctv_T3_train_C.png,1,0.9999945163726807,fake
item_00756_cctv_T3_train_C.png,1,0.9999997615814209,fake
item_00757_cctv_T3_train_C.png,1,0.9999575614929199,fake
item_00758_cctv_T3_train_C.png,1,0.9973714351654053,fake
item_00759_cctv_T3_train_C.png,1,0.9999997615814209,fake
item_00760_cctv_T3_train_C.png,1,0.9999760389328003,fake
item_00761_cctv_T3_train_C.png,1,0.9999995231628418,fake
item_00762_cctv_T3_train_C.png,1,0.9999946355819702,fake
item_00763_cctv_T3_train_C.png,1,0.9999938011169434,fake
item_00764_cctv_T3_train_C.png,1,0.9999998807907104,fake
item_00765_dashcam_T3_train_A.png,1,0.9998036026954651,fake
item_00766_dashcam_T3_train_A.png,1,0.9987816214561462,fake
item_00767_dashcam_T3_train_A.png,1,0.9989433884620667,fake
item_00768_dashcam_T3_train_A.png,1,0.9898508787155151,fake
item_00769_dashcam_T3_train_A.png,1,0.9999548196792603,fake
item_00770_dashcam_T3_train_A.png,1,0.9999325275421143,fake
item_00771_dashcam_T3_train_A.png,1,0.9997565150260925,fake
item_00772_dashcam_T3_train_A.png,1,0.9987159967422485,fake
item_00773_dashcam_T3_train_A.png,1,0.9992443323135376,fake
item_00774_dashcam_T3_train_A.png,1,0.9993465542793274,fake
item_00775_dashcam_T3_train_A.png,1,0.999808132648468,fake
item_00776_dashcam_T3_train_A.png,1,0.9989839196205139,fake
item_00777_dashcam_T3_train_A.png,1,0.9940046668052673,fake
item_00778_dashcam_T3_train_A.png,1,0.9988127946853638,fake
item_00779_dashcam_T3_train_A.png,1,0.9999618530273438,fake
item_00780_dashcam_T3_train_B.png,1,0.9533747434616089,fake
item_00781_dashcam_T3_train_B.png,1,0.3914393484592438,fake
item_00782_dashcam_T3_train_B.png,1,0.49146559834480286,fake
item_00783_dashcam_T3_train_B.png,1,0.032152142375707626,fake
item_00784_dashcam_T3_train_B.png,1,0.061125874519348145,fake
item_00785_dashcam_T3_train_B.png,1,0.6417856216430664,fake
item_00786_dashcam_T3_train_B.png,1,0.12877722084522247,fake
item_00787_dashcam_T3_train_B.png,1,0.9979146122932434,fake
item_00788_dashcam_T3_train_B.png,1,0.9342173933982849,fake
item_00789_dashcam_T3_train_B.png,1,0.964441180229187,fake
item_00790_dashcam_T3_train_B.png,1,0.7039762735366821,fake
item_00791_dashcam_T3_train_B.png,1,0.6604589223861694,fake
item_00792_dashcam_T3_train_B.png,1,0.7860279083251953,fake
item_00793_dashcam_T3_train_B.png,1,0.7163050174713135,fake
item_00794_dashcam_T3_train_B.png,1,0.8811596632003784,fake
item_00795_dashcam_T3_train_C.png,1,0.9999998807907104,fake
item_00796_dashcam_T3_train_C.png,1,1.0,fake
item_00797_dashcam_T3_train_C.png,1,0.9999858140945435,fake
item_00798_dashcam_T3_train_C.png,1,0.9999909400939941,fake
item_00799_dashcam_T3_train_C.png,1,0.9999990463256836,fake
item_00800_dashcam_T3_train_C.png,1,0.9999995231628418,fake
item_00801_dashcam_T3_train_C.png,1,1.0,fake
item_00802_dashcam_T3_train_C.png,1,0.9999998807907104,fake
item_00803_dashcam_T3_train_C.png,1,0.9999961853027344,fake
item_00804_dashcam_T3_train_C.png,1,0.9999936819076538,fake
item_00805_dashcam_T3_train_C.png,1,0.9999991655349731,fake
item_00806_dashcam_T3_train_C.png,1,0.9999996423721313,fake
item_00807_dashcam_T3_train_C.png,1,1.0,fake
item_00808_dashcam_T3_train_C.png,1,0.9999991655349731,fake
item_00809_dashcam_T3_train_C.png,1,0.9999871253967285,fake
item_00810_phone_T3_train_A.png,1,0.9999443292617798,fake
item_00811_phone_T3_train_A.png,1,0.9994246959686279,fake
item_00812_phone_T3_train_A.png,1,0.9964339733123779,fake
item_00813_phone_T3_train_A.png,1,0.98603755235672,fake
item_00814_phone_T3_train_A.png,1,0.9995833039283752,fake
item_00815_phone_T3_train_A.png,1,0.9997262358665466,fake
item_00816_phone_T3_train_A.png,1,0.9850428104400635,fake
item_00817_phone_T3_train_A.png,1,0.9973680377006531,fake
item_00818_phone_T3_train_A.png,1,0.9892380237579346,fake
item_00819_phone_T3_train_A.png,1,0.997710108757019,fake
item_00820_phone_T3_train_A.png,1,0.9983566403388977,fake
item_00821_phone_T3_train_A.png,1,0.9643533825874329,fake
item_00822_phone_T3_train_A.png,1,0.9996334314346313,fake
item_00823_phone_T3_train_A.png,1,0.9999364614486694,fake
item_00824_phone_T3_train_A.png,1,0.99978107213974,fake
item_00825_phone_T3_train_B.png,1,0.8603544235229492,fake
item_00826_phone_T3_train_B.png,1,0.9702574014663696,fake
item_00827_phone_T3_train_B.png,1,0.9972022771835327,fake
item_00828_phone_T3_train_B.png,1,0.9681835174560547,fake
item_00829_phone_T3_train_B.png,1,0.9730986952781677,fake
item_00830_phone_T3_train_B.png,1,0.29130133986473083,fake
item_00831_phone_T3_train_B.png,1,0.9993641972541809,fake
item_00832_phone_T3_train_B.png,1,0.9995546936988831,fake
item_00833_phone_T3_train_B.png,1,0.6596405506134033,fake
item_00834_phone_T3_train_B.png,1,0.9489818811416626,fake
item_00835_phone_T3_train_B.png,1,0.38151809573173523,fake
item_00836_phone_T3_train_B.png,1,0.9871892333030701,fake
item_00837_phone_T3_train_B.png,1,0.023833807557821274,fake
item_00838_phone_T3_train_B.png,1,0.8813586831092834,fake
item_00839_phone_T3_train_B.png,1,0.9855733513832092,fake
item_00840_phone_T3_train_C.png,1,0.9999860525131226,fake
item_00841_phone_T3_train_C.png,1,0.9925215840339661,fake
item_00842_phone_T3_train_C.png,1,0.9993101358413696,fake
item_00843_phone_T3_train_C.png,1,0.9996644258499146,fake
item_00844_phone_T3_train_C.png,1,0.9999008178710938,fake
item_00845_phone_T3_train_C.png,1,0.9993829727172852,fake
item_00846_phone_T3_train_C.png,1,0.9999980926513672,fake
item_00847_phone_T3_train_C.png,1,0.9999271631240845,fake
item_00848_phone_T3_train_C.png,1,1.0,fake
item_00849_phone_T3_train_C.png,1,0.9999668598175049,fake
item_00850_phone_T3_train_C.png,1,0.9998509883880615,fake
item_00851_phone_T3_train_C.png,1,0.999872088432312,fake
item_00852_phone_T3_train_C.png,1,0.9998860359191895,fake
item_00853_phone_T3_train_C.png,1,0.9999984502792358,fake
item_00854_phone_T3_train_C.png,1,0.9999943971633911,fake
